日付,タイトル,気持ち,内容
2021-06-01,日記0-1,7,"これは0回目のテストデータである。あさ、眼をさますとき<span >fafafa面白い。かくれんぼのとき、押入れの真っ暗い中に、じっと、しゃがんで隠れていて、突然、でこちゃんに、がらっと襖ふすまをあけられ、日の光がどっと来て、でこちゃんに、「見つけた！」と大声で言われて、まぶしさ、それから、へんな間の悪さ、それから、胸がどきどきして、着物のまえを合せたりして、ちょっと、てれくさく、押入れから出て来て、急にむかむか腹立たしく、あの感じ、いや、ちがう、あの感じでもない、なんだか、もっとやりきれない。箱をあけると、その中に、また小さい箱があって、その小さい箱をあけると、またその中に、もっと小さい箱があって、そいつをあけると、また、また、小さい箱があって、その小さい箱をあけると、また箱があって、そうして、七つも、八つも、あけていって、とうとうおしまいに、さいころくらいの小さい箱が出て来て、そいつをそっとあけてみて、何もない、からっぽ、あの感じ、少し近い。パチッと眼がさめるなんて、あれは嘘だ。濁って濁って、そのうちに、だんだん澱粉でんぷんが下に沈み、少しずつ上澄うわずみが出来て、やっと疲れて眼がさめる。朝は、なんだか、しらじらしい。悲しいことが、たくさんたくさん胸に浮かんで、やりきれない。いやだ。いやだ。朝の私は一ばん醜みにくい。両方の脚が、くたくたに疲れて、そうして、もう、何もしたくない。熟睡していないせいかしら。朝は健康だなんて、あれは嘘。朝は灰色。いつもいつも同じ。一ばん虚無だ。朝の寝床の中で、私はいつも厭世的だ。いやになる。いろいろ醜い後悔ばっかり、いちどに、どっとかたまって胸をふさぎ、身悶みもだえしちゃう。"
2021-06-01,,5,だだだ
2021-05-31,日記1-1,7,これは1回目のテストデータである。あさ、眼をさますときの気持は、面白い。かくれんぼのとき、押入れの真っ暗い中に、じっと、しゃがんで隠れていて、突然、でこちゃんに、がらっと襖ふすまをあけられ、日の光がどっと来て、でこちゃんに、「見つけた！」と大声で言われて、まぶしさ、それから、へんな間の悪さ、それから、胸がどきどきして、着物のまえを合せたりして、ちょっと、てれくさく、押入れから出て来て、急にむかむか腹立たしく、あの感じ、いや、ちがう、あの感じでもない、なんだか、もっとやりきれない。箱をあけると、その中に、また小さい箱があって、その小さい箱をあけると、またその中に、もっと小さい箱があって、そいつをあけると、また、また、小さい箱があって、その小さい箱をあけると、また箱があって、そうして、七つも、八つも、あけていって、とうとうおしまいに、さいころくらいの小さい箱が出て来て、そいつをそっとあけてみて、何もない、からっぽ、あの感じ、少し近い。パチッと眼がさめるなんて、あれは嘘だ。濁って濁って、そのうちに、だんだん澱粉でんぷんが下に沈み、少しずつ上澄うわずみが出来て、やっと疲れて眼がさめる。朝は、なんだか、しらじらしい。悲しいことが、たくさんたくさん胸に浮かんで、やりきれない。いやだ。いやだ。朝の私は一ばん醜みにくい。両方の脚が、くたくたに疲れて、そうして、もう、何もしたくない。熟睡していないせいかしら。朝は健康だなんて、あれは嘘。朝は灰色。いつもいつも同じ。一ばん虚無だ。朝の寝床の中で、私はいつも厭世的だ。いやになる。いろいろ醜い後悔ばっかり、いちどに、どっとかたまって胸をふさぎ、身悶みもだえしちゃう。
2021-05-31,,5,dadada
2021-05-30,日記2-1,7,これは2回目のテストデータである。あさ、眼をさますときの気持は、面白い。かくれんぼのとき、押入れの真っ暗い中に、じっと、しゃがんで隠れていて、突然、でこちゃんに、がらっと襖ふすまをあけられ、日の光がどっと来て、でこちゃんに、「見つけた！」と大声で言われて、まぶしさ、それから、へんな間の悪さ、それから、胸がどきどきして、着物のまえを合せたりして、ちょっと、てれくさく、押入れから出て来て、急にむかむか腹立たしく、あの感じ、いや、ちがう、あの感じでもない、なんだか、もっとやりきれない。箱をあけると、その中に、また小さい箱があって、その小さい箱をあけると、またその中に、もっと小さい箱があって、そいつをあけると、また、また、小さい箱があって、その小さい箱をあけると、また箱があって、そうして、七つも、八つも、あけていって、とうとうおしまいに、さいころくらいの小さい箱が出て来て、そいつをそっとあけてみて、何もない、からっぽ、あの感じ、少し近い。パチッと眼がさめるなんて、あれは嘘だ。濁って濁って、そのうちに、だんだん澱粉でんぷんが下に沈み、少しずつ上澄うわずみが出来て、やっと疲れて眼がさめる。朝は、なんだか、しらじらしい。悲しいことが、たくさんたくさん胸に浮かんで、やりきれない。いやだ。いやだ。朝の私は一ばん醜みにくい。両方の脚が、くたくたに疲れて、そうして、もう、何もしたくない。熟睡していないせいかしら。朝は健康だなんて、あれは嘘。朝は灰色。いつもいつも同じ。一ばん虚無だ。朝の寝床の中で、私はいつも厭世的だ。いやになる。いろいろ醜い後悔ばっかり、いちどに、どっとかたまって胸をふさぎ、身悶みもだえしちゃう。
2021-05-29,日記3-1,7,これは3回目のテストデータである。あさ、眼をさますときの気持は、面白い。かくれんぼのとき、押入れの真っ暗い中に、じっと、しゃがんで隠れていて、突然、でこちゃんに、がらっと襖ふすまをあけられ、日の光がどっと来て、でこちゃんに、「見つけた！」と大声で言われて、まぶしさ、それから、へんな間の悪さ、それから、胸がどきどきして、着物のまえを合せたりして、ちょっと、てれくさく、押入れから出て来て、急にむかむか腹立たしく、あの感じ、いや、ちがう、あの感じでもない、なんだか、もっとやりきれない。箱をあけると、その中に、また小さい箱があって、その小さい箱をあけると、またその中に、もっと小さい箱があって、そいつをあけると、また、また、小さい箱があって、その小さい箱をあけると、また箱があって、そうして、七つも、八つも、あけていって、とうとうおしまいに、さいころくらいの小さい箱が出て来て、そいつをそっとあけてみて、何もない、からっぽ、あの感じ、少し近い。パチッと眼がさめるなんて、あれは嘘だ。濁って濁って、そのうちに、だんだん澱粉でんぷんが下に沈み、少しずつ上澄うわずみが出来て、やっと疲れて眼がさめる。朝は、なんだか、しらじらしい。悲しいことが、たくさんたくさん胸に浮かんで、やりきれない。いやだ。いやだ。朝の私は一ばん醜みにくい。両方の脚が、くたくたに疲れて、そうして、もう、何もしたくない。熟睡していないせいかしら。朝は健康だなんて、あれは嘘。朝は灰色。いつもいつも同じ。一ばん虚無だ。朝の寝床の中で、私はいつも厭世的だ。いやになる。いろいろ醜い後悔ばっかり、いちどに、どっとかたまって胸をふさぎ、身悶みもだえしちゃう。
2021-05-28,日記4-1,7,これは4回目のテストデータである。あさ、眼をさますときの気持は、面白い。かくれんぼのとき、押入れの真っ暗い中に、じっと、しゃがんで隠れていて、突然、でこちゃんに、がらっと襖ふすまをあけられ、日の光がどっと来て、でこちゃんに、「見つけた！」と大声で言われて、まぶしさ、それから、へんな間の悪さ、それから、胸がどきどきして、着物のまえを合せたりして、ちょっと、てれくさく、押入れから出て来て、急にむかむか腹立たしく、あの感じ、いや、ちがう、あの感じでもない、なんだか、もっとやりきれない。箱をあけると、その中に、また小さい箱があって、その小さい箱をあけると、またその中に、もっと小さい箱があって、そいつをあけると、また、また、小さい箱があって、その小さい箱をあけると、また箱があって、そうして、七つも、八つも、あけていって、とうとうおしまいに、さいころくらいの小さい箱が出て来て、そいつをそっとあけてみて、何もない、からっぽ、あの感じ、少し近い。パチッと眼がさめるなんて、あれは嘘だ。濁って濁って、そのうちに、だんだん澱粉でんぷんが下に沈み、少しずつ上澄うわずみが出来て、やっと疲れて眼がさめる。朝は、なんだか、しらじらしい。悲しいことが、たくさんたくさん胸に浮かんで、やりきれない。いやだ。いやだ。朝の私は一ばん醜みにくい。両方の脚が、くたくたに疲れて、そうして、もう、何もしたくない。熟睡していないせいかしら。朝は健康だなんて、あれは嘘。朝は灰色。いつもいつも同じ。一ばん虚無だ。朝の寝床の中で、私はいつも厭世的だ。いやになる。いろいろ醜い後悔ばっかり、いちどに、どっとかたまって胸をふさぎ、身悶みもだえしちゃう。
2021-05-27,日記5-1,7,これは5回目のテストデータである。あさ、眼をさますときの気持は、面白い。かくれんぼのとき、押入れの真っ暗い中に、じっと、しゃがんで隠れていて、突然、でこちゃんに、がらっと襖ふすまをあけられ、日の光がどっと来て、でこちゃんに、「見つけた！」と大声で言われて、まぶしさ、それから、へんな間の悪さ、それから、胸がどきどきして、着物のまえを合せたりして、ちょっと、てれくさく、押入れから出て来て、急にむかむか腹立たしく、あの感じ、いや、ちがう、あの感じでもない、なんだか、もっとやりきれない。箱をあけると、その中に、また小さい箱があって、その小さい箱をあけると、またその中に、もっと小さい箱があって、そいつをあけると、また、また、小さい箱があって、その小さい箱をあけると、また箱があって、そうして、七つも、八つも、あけていって、とうとうおしまいに、さいころくらいの小さい箱が出て来て、そいつをそっとあけてみて、何もない、からっぽ、あの感じ、少し近い。パチッと眼がさめるなんて、あれは嘘だ。濁って濁って、そのうちに、だんだん澱粉でんぷんが下に沈み、少しずつ上澄うわずみが出来て、やっと疲れて眼がさめる。朝は、なんだか、しらじらしい。悲しいことが、たくさんたくさん胸に浮かんで、やりきれない。いやだ。いやだ。朝の私は一ばん醜みにくい。両方の脚が、くたくたに疲れて、そうして、もう、何もしたくない。熟睡していないせいかしら。朝は健康だなんて、あれは嘘。朝は灰色。いつもいつも同じ。一ばん虚無だ。朝の寝床の中で、私はいつも厭世的だ。いやになる。いろいろ醜い後悔ばっかり、いちどに、どっとかたまって胸をふさぎ、身悶みもだえしちゃう。
2021-05-26,日記6-1,7,これは6回目のテストデータである。あさ、眼をさますときの気持は、面白い。かくれんぼのとき、押入れの真っ暗い中に、じっと、しゃがんで隠れていて、突然、でこちゃんに、がらっと襖ふすまをあけられ、日の光がどっと来て、でこちゃんに、「見つけた！」と大声で言われて、まぶしさ、それから、へんな間の悪さ、それから、胸がどきどきして、着物のまえを合せたりして、ちょっと、てれくさく、押入れから出て来て、急にむかむか腹立たしく、あの感じ、いや、ちがう、あの感じでもない、なんだか、もっとやりきれない。箱をあけると、その中に、また小さい箱があって、その小さい箱をあけると、またその中に、もっと小さい箱があって、そいつをあけると、また、また、小さい箱があって、その小さい箱をあけると、また箱があって、そうして、七つも、八つも、あけていって、とうとうおしまいに、さいころくらいの小さい箱が出て来て、そいつをそっとあけてみて、何もない、からっぽ、あの感じ、少し近い。パチッと眼がさめるなんて、あれは嘘だ。濁って濁って、そのうちに、だんだん澱粉でんぷんが下に沈み、少しずつ上澄うわずみが出来て、やっと疲れて眼がさめる。朝は、なんだか、しらじらしい。悲しいことが、たくさんたくさん胸に浮かんで、やりきれない。いやだ。いやだ。朝の私は一ばん醜みにくい。両方の脚が、くたくたに疲れて、そうして、もう、何もしたくない。熟睡していないせいかしら。朝は健康だなんて、あれは嘘。朝は灰色。いつもいつも同じ。一ばん虚無だ。朝の寝床の中で、私はいつも厭世的だ。いやになる。いろいろ醜い後悔ばっかり、いちどに、どっとかたまって胸をふさぎ、身悶みもだえしちゃう。
2021-05-25,日記7-1,7,これは7回目のテストデータである。あさ、眼をさますときの気持は、面白い。かくれんぼのとき、押入れの真っ暗い中に、じっと、しゃがんで隠れていて、突然、でこちゃんに、がらっと襖ふすまをあけられ、日の光がどっと来て、でこちゃんに、「見つけた！」と大声で言われて、まぶしさ、それから、へんな間の悪さ、それから、胸がどきどきして、着物のまえを合せたりして、ちょっと、てれくさく、押入れから出て来て、急にむかむか腹立たしく、あの感じ、いや、ちがう、あの感じでもない、なんだか、もっとやりきれない。箱をあけると、その中に、また小さい箱があって、その小さい箱をあけると、またその中に、もっと小さい箱があって、そいつをあけると、また、また、小さい箱があって、その小さい箱をあけると、また箱があって、そうして、七つも、八つも、あけていって、とうとうおしまいに、さいころくらいの小さい箱が出て来て、そいつをそっとあけてみて、何もない、からっぽ、あの感じ、少し近い。パチッと眼がさめるなんて、あれは嘘だ。濁って濁って、そのうちに、だんだん澱粉でんぷんが下に沈み、少しずつ上澄うわずみが出来て、やっと疲れて眼がさめる。朝は、なんだか、しらじらしい。悲しいことが、たくさんたくさん胸に浮かんで、やりきれない。いやだ。いやだ。朝の私は一ばん醜みにくい。両方の脚が、くたくたに疲れて、そうして、もう、何もしたくない。熟睡していないせいかしら。朝は健康だなんて、あれは嘘。朝は灰色。いつもいつも同じ。一ばん虚無だ。朝の寝床の中で、私はいつも厭世的だ。いやになる。いろいろ醜い後悔ばっかり、いちどに、どっとかたまって胸をふさぎ、身悶みもだえしちゃう。
2021-05-24,日記8-1,7,これは8回目のテストデータである。あさ、眼をさますときの気持は、面白い。かくれんぼのとき、押入れの真っ暗い中に、じっと、しゃがんで隠れていて、突然、でこちゃんに、がらっと襖ふすまをあけられ、日の光がどっと来て、でこちゃんに、「見つけた！」と大声で言われて、まぶしさ、それから、へんな間の悪さ、それから、胸がどきどきして、着物のまえを合せたりして、ちょっと、てれくさく、押入れから出て来て、急にむかむか腹立たしく、あの感じ、いや、ちがう、あの感じでもない、なんだか、もっとやりきれない。箱をあけると、その中に、また小さい箱があって、その小さい箱をあけると、またその中に、もっと小さい箱があって、そいつをあけると、また、また、小さい箱があって、その小さい箱をあけると、また箱があって、そうして、七つも、八つも、あけていって、とうとうおしまいに、さいころくらいの小さい箱が出て来て、そいつをそっとあけてみて、何もない、からっぽ、あの感じ、少し近い。パチッと眼がさめるなんて、あれは嘘だ。濁って濁って、そのうちに、だんだん澱粉でんぷんが下に沈み、少しずつ上澄うわずみが出来て、やっと疲れて眼がさめる。朝は、なんだか、しらじらしい。悲しいことが、たくさんたくさん胸に浮かんで、やりきれない。いやだ。いやだ。朝の私は一ばん醜みにくい。両方の脚が、くたくたに疲れて、そうして、もう、何もしたくない。熟睡していないせいかしら。朝は健康だなんて、あれは嘘。朝は灰色。いつもいつも同じ。一ばん虚無だ。朝の寝床の中で、私はいつも厭世的だ。いやになる。いろいろ醜い後悔ばっかり、いちどに、どっとかたまって胸をふさぎ、身悶みもだえしちゃう。
2021-05-23,日記9-1,7,これは9回目のテストデータである。あさ、眼をさますときの気持は、面白い。かくれんぼのとき、押入れの真っ暗い中に、じっと、しゃがんで隠れていて、突然、でこちゃんに、がらっと襖ふすまをあけられ、日の光がどっと来て、でこちゃんに、「見つけた！」と大声で言われて、まぶしさ、それから、へんな間の悪さ、それから、胸がどきどきして、着物のまえを合せたりして、ちょっと、てれくさく、押入れから出て来て、急にむかむか腹立たしく、あの感じ、いや、ちがう、あの感じでもない、なんだか、もっとやりきれない。箱をあけると、その中に、また小さい箱があって、その小さい箱をあけると、またその中に、もっと小さい箱があって、そいつをあけると、また、また、小さい箱があって、その小さい箱をあけると、また箱があって、そうして、七つも、八つも、あけていって、とうとうおしまいに、さいころくらいの小さい箱が出て来て、そいつをそっとあけてみて、何もない、からっぽ、あの感じ、少し近い。パチッと眼がさめるなんて、あれは嘘だ。濁って濁って、そのうちに、だんだん澱粉でんぷんが下に沈み、少しずつ上澄うわずみが出来て、やっと疲れて眼がさめる。朝は、なんだか、しらじらしい。悲しいことが、たくさんたくさん胸に浮かんで、やりきれない。いやだ。いやだ。朝の私は一ばん醜みにくい。両方の脚が、くたくたに疲れて、そうして、もう、何もしたくない。熟睡していないせいかしら。朝は健康だなんて、あれは嘘。朝は灰色。いつもいつも同じ。一ばん虚無だ。朝の寝床の中で、私はいつも厭世的だ。いやになる。いろいろ醜い後悔ばっかり、いちどに、どっとかたまって胸をふさぎ、身悶みもだえしちゃう。
2021-05-22,日記10-1,7,これは10回目のテストデータである。あさ、眼をさますときの気持は、面白い。かくれんぼのとき、押入れの真っ暗い中に、じっと、しゃがんで隠れていて、突然、でこちゃんに、がらっと襖ふすまをあけられ、日の光がどっと来て、でこちゃんに、「見つけた！」と大声で言われて、まぶしさ、それから、へんな間の悪さ、それから、胸がどきどきして、着物のまえを合せたりして、ちょっと、てれくさく、押入れから出て来て、急にむかむか腹立たしく、あの感じ、いや、ちがう、あの感じでもない、なんだか、もっとやりきれない。箱をあけると、その中に、また小さい箱があって、その小さい箱をあけると、またその中に、もっと小さい箱があって、そいつをあけると、また、また、小さい箱があって、その小さい箱をあけると、また箱があって、そうして、七つも、八つも、あけていって、とうとうおしまいに、さいころくらいの小さい箱が出て来て、そいつをそっとあけてみて、何もない、からっぽ、あの感じ、少し近い。パチッと眼がさめるなんて、あれは嘘だ。濁って濁って、そのうちに、だんだん澱粉でんぷんが下に沈み、少しずつ上澄うわずみが出来て、やっと疲れて眼がさめる。朝は、なんだか、しらじらしい。悲しいことが、たくさんたくさん胸に浮かんで、やりきれない。いやだ。いやだ。朝の私は一ばん醜みにくい。両方の脚が、くたくたに疲れて、そうして、もう、何もしたくない。熟睡していないせいかしら。朝は健康だなんて、あれは嘘。朝は灰色。いつもいつも同じ。一ばん虚無だ。朝の寝床の中で、私はいつも厭世的だ。いやになる。いろいろ醜い後悔ばっかり、いちどに、どっとかたまって胸をふさぎ、身悶みもだえしちゃう。
2021-05-21,日記11-1,7,これは11回目のテストデータである。あさ、眼をさますときの気持は、面白い。かくれんぼのとき、押入れの真っ暗い中に、じっと、しゃがんで隠れていて、突然、でこちゃんに、がらっと襖ふすまをあけられ、日の光がどっと来て、でこちゃんに、「見つけた！」と大声で言われて、まぶしさ、それから、へんな間の悪さ、それから、胸がどきどきして、着物のまえを合せたりして、ちょっと、てれくさく、押入れから出て来て、急にむかむか腹立たしく、あの感じ、いや、ちがう、あの感じでもない、なんだか、もっとやりきれない。箱をあけると、その中に、また小さい箱があって、その小さい箱をあけると、またその中に、もっと小さい箱があって、そいつをあけると、また、また、小さい箱があって、その小さい箱をあけると、また箱があって、そうして、七つも、八つも、あけていって、とうとうおしまいに、さいころくらいの小さい箱が出て来て、そいつをそっとあけてみて、何もない、からっぽ、あの感じ、少し近い。パチッと眼がさめるなんて、あれは嘘だ。濁って濁って、そのうちに、だんだん澱粉でんぷんが下に沈み、少しずつ上澄うわずみが出来て、やっと疲れて眼がさめる。朝は、なんだか、しらじらしい。悲しいことが、たくさんたくさん胸に浮かんで、やりきれない。いやだ。いやだ。朝の私は一ばん醜みにくい。両方の脚が、くたくたに疲れて、そうして、もう、何もしたくない。熟睡していないせいかしら。朝は健康だなんて、あれは嘘。朝は灰色。いつもいつも同じ。一ばん虚無だ。朝の寝床の中で、私はいつも厭世的だ。いやになる。いろいろ醜い後悔ばっかり、いちどに、どっとかたまって胸をふさぎ、身悶みもだえしちゃう。
2021-05-20,日記12-1,7,これは12回目のテストデータである。あさ、眼をさますときの気持は、面白い。かくれんぼのとき、押入れの真っ暗い中に、じっと、しゃがんで隠れていて、突然、でこちゃんに、がらっと襖ふすまをあけられ、日の光がどっと来て、でこちゃんに、「見つけた！」と大声で言われて、まぶしさ、それから、へんな間の悪さ、それから、胸がどきどきして、着物のまえを合せたりして、ちょっと、てれくさく、押入れから出て来て、急にむかむか腹立たしく、あの感じ、いや、ちがう、あの感じでもない、なんだか、もっとやりきれない。箱をあけると、その中に、また小さい箱があって、その小さい箱をあけると、またその中に、もっと小さい箱があって、そいつをあけると、また、また、小さい箱があって、その小さい箱をあけると、また箱があって、そうして、七つも、八つも、あけていって、とうとうおしまいに、さいころくらいの小さい箱が出て来て、そいつをそっとあけてみて、何もない、からっぽ、あの感じ、少し近い。パチッと眼がさめるなんて、あれは嘘だ。濁って濁って、そのうちに、だんだん澱粉でんぷんが下に沈み、少しずつ上澄うわずみが出来て、やっと疲れて眼がさめる。朝は、なんだか、しらじらしい。悲しいことが、たくさんたくさん胸に浮かんで、やりきれない。いやだ。いやだ。朝の私は一ばん醜みにくい。両方の脚が、くたくたに疲れて、そうして、もう、何もしたくない。熟睡していないせいかしら。朝は健康だなんて、あれは嘘。朝は灰色。いつもいつも同じ。一ばん虚無だ。朝の寝床の中で、私はいつも厭世的だ。いやになる。いろいろ醜い後悔ばっかり、いちどに、どっとかたまって胸をふさぎ、身悶みもだえしちゃう。
2021-05-19,日記13-1,7,これは13回目のテストデータである。あさ、眼をさますときの気持は、面白い。かくれんぼのとき、押入れの真っ暗い中に、じっと、しゃがんで隠れていて、突然、でこちゃんに、がらっと襖ふすまをあけられ、日の光がどっと来て、でこちゃんに、「見つけた！」と大声で言われて、まぶしさ、それから、へんな間の悪さ、それから、胸がどきどきして、着物のまえを合せたりして、ちょっと、てれくさく、押入れから出て来て、急にむかむか腹立たしく、あの感じ、いや、ちがう、あの感じでもない、なんだか、もっとやりきれない。箱をあけると、その中に、また小さい箱があって、その小さい箱をあけると、またその中に、もっと小さい箱があって、そいつをあけると、また、また、小さい箱があって、その小さい箱をあけると、また箱があって、そうして、七つも、八つも、あけていって、とうとうおしまいに、さいころくらいの小さい箱が出て来て、そいつをそっとあけてみて、何もない、からっぽ、あの感じ、少し近い。パチッと眼がさめるなんて、あれは嘘だ。濁って濁って、そのうちに、だんだん澱粉でんぷんが下に沈み、少しずつ上澄うわずみが出来て、やっと疲れて眼がさめる。朝は、なんだか、しらじらしい。悲しいことが、たくさんたくさん胸に浮かんで、やりきれない。いやだ。いやだ。朝の私は一ばん醜みにくい。両方の脚が、くたくたに疲れて、そうして、もう、何もしたくない。熟睡していないせいかしら。朝は健康だなんて、あれは嘘。朝は灰色。いつもいつも同じ。一ばん虚無だ。朝の寝床の中で、私はいつも厭世的だ。いやになる。いろいろ醜い後悔ばっかり、いちどに、どっとかたまって胸をふさぎ、身悶みもだえしちゃう。
2021-05-18,日記14-1,7,これは14回目のテストデータである。あさ、眼をさますときの気持は、面白い。かくれんぼのとき、押入れの真っ暗い中に、じっと、しゃがんで隠れていて、突然、でこちゃんに、がらっと襖ふすまをあけられ、日の光がどっと来て、でこちゃんに、「見つけた！」と大声で言われて、まぶしさ、それから、へんな間の悪さ、それから、胸がどきどきして、着物のまえを合せたりして、ちょっと、てれくさく、押入れから出て来て、急にむかむか腹立たしく、あの感じ、いや、ちがう、あの感じでもない、なんだか、もっとやりきれない。箱をあけると、その中に、また小さい箱があって、その小さい箱をあけると、またその中に、もっと小さい箱があって、そいつをあけると、また、また、小さい箱があって、その小さい箱をあけると、また箱があって、そうして、七つも、八つも、あけていって、とうとうおしまいに、さいころくらいの小さい箱が出て来て、そいつをそっとあけてみて、何もない、からっぽ、あの感じ、少し近い。パチッと眼がさめるなんて、あれは嘘だ。濁って濁って、そのうちに、だんだん澱粉でんぷんが下に沈み、少しずつ上澄うわずみが出来て、やっと疲れて眼がさめる。朝は、なんだか、しらじらしい。悲しいことが、たくさんたくさん胸に浮かんで、やりきれない。いやだ。いやだ。朝の私は一ばん醜みにくい。両方の脚が、くたくたに疲れて、そうして、もう、何もしたくない。熟睡していないせいかしら。朝は健康だなんて、あれは嘘。朝は灰色。いつもいつも同じ。一ばん虚無だ。朝の寝床の中で、私はいつも厭世的だ。いやになる。いろいろ醜い後悔ばっかり、いちどに、どっとかたまって胸をふさぎ、身悶みもだえしちゃう。
2021-05-17,日記15-1,7,これは15回目のテストデータである。あさ、眼をさますときの気持は、面白い。かくれんぼのとき、押入れの真っ暗い中に、じっと、しゃがんで隠れていて、突然、でこちゃんに、がらっと襖ふすまをあけられ、日の光がどっと来て、でこちゃんに、「見つけた！」と大声で言われて、まぶしさ、それから、へんな間の悪さ、それから、胸がどきどきして、着物のまえを合せたりして、ちょっと、てれくさく、押入れから出て来て、急にむかむか腹立たしく、あの感じ、いや、ちがう、あの感じでもない、なんだか、もっとやりきれない。箱をあけると、その中に、また小さい箱があって、その小さい箱をあけると、またその中に、もっと小さい箱があって、そいつをあけると、また、また、小さい箱があって、その小さい箱をあけると、また箱があって、そうして、七つも、八つも、あけていって、とうとうおしまいに、さいころくらいの小さい箱が出て来て、そいつをそっとあけてみて、何もない、からっぽ、あの感じ、少し近い。パチッと眼がさめるなんて、あれは嘘だ。濁って濁って、そのうちに、だんだん澱粉でんぷんが下に沈み、少しずつ上澄うわずみが出来て、やっと疲れて眼がさめる。朝は、なんだか、しらじらしい。悲しいことが、たくさんたくさん胸に浮かんで、やりきれない。いやだ。いやだ。朝の私は一ばん醜みにくい。両方の脚が、くたくたに疲れて、そうして、もう、何もしたくない。熟睡していないせいかしら。朝は健康だなんて、あれは嘘。朝は灰色。いつもいつも同じ。一ばん虚無だ。朝の寝床の中で、私はいつも厭世的だ。いやになる。いろいろ醜い後悔ばっかり、いちどに、どっとかたまって胸をふさぎ、身悶みもだえしちゃう。
2021-05-16,日記16-1,7,これは16回目のテストデータである。あさ、眼をさますときの気持は、面白い。かくれんぼのとき、押入れの真っ暗い中に、じっと、しゃがんで隠れていて、突然、でこちゃんに、がらっと襖ふすまをあけられ、日の光がどっと来て、でこちゃんに、「見つけた！」と大声で言われて、まぶしさ、それから、へんな間の悪さ、それから、胸がどきどきして、着物のまえを合せたりして、ちょっと、てれくさく、押入れから出て来て、急にむかむか腹立たしく、あの感じ、いや、ちがう、あの感じでもない、なんだか、もっとやりきれない。箱をあけると、その中に、また小さい箱があって、その小さい箱をあけると、またその中に、もっと小さい箱があって、そいつをあけると、また、また、小さい箱があって、その小さい箱をあけると、また箱があって、そうして、七つも、八つも、あけていって、とうとうおしまいに、さいころくらいの小さい箱が出て来て、そいつをそっとあけてみて、何もない、からっぽ、あの感じ、少し近い。パチッと眼がさめるなんて、あれは嘘だ。濁って濁って、そのうちに、だんだん澱粉でんぷんが下に沈み、少しずつ上澄うわずみが出来て、やっと疲れて眼がさめる。朝は、なんだか、しらじらしい。悲しいことが、たくさんたくさん胸に浮かんで、やりきれない。いやだ。いやだ。朝の私は一ばん醜みにくい。両方の脚が、くたくたに疲れて、そうして、もう、何もしたくない。熟睡していないせいかしら。朝は健康だなんて、あれは嘘。朝は灰色。いつもいつも同じ。一ばん虚無だ。朝の寝床の中で、私はいつも厭世的だ。いやになる。いろいろ醜い後悔ばっかり、いちどに、どっとかたまって胸をふさぎ、身悶みもだえしちゃう。
2021-05-15,日記17-1,7,これは17回目のテストデータである。あさ、眼をさますときの気持は、面白い。かくれんぼのとき、押入れの真っ暗い中に、じっと、しゃがんで隠れていて、突然、でこちゃんに、がらっと襖ふすまをあけられ、日の光がどっと来て、でこちゃんに、「見つけた！」と大声で言われて、まぶしさ、それから、へんな間の悪さ、それから、胸がどきどきして、着物のまえを合せたりして、ちょっと、てれくさく、押入れから出て来て、急にむかむか腹立たしく、あの感じ、いや、ちがう、あの感じでもない、なんだか、もっとやりきれない。箱をあけると、その中に、また小さい箱があって、その小さい箱をあけると、またその中に、もっと小さい箱があって、そいつをあけると、また、また、小さい箱があって、その小さい箱をあけると、また箱があって、そうして、七つも、八つも、あけていって、とうとうおしまいに、さいころくらいの小さい箱が出て来て、そいつをそっとあけてみて、何もない、からっぽ、あの感じ、少し近い。パチッと眼がさめるなんて、あれは嘘だ。濁って濁って、そのうちに、だんだん澱粉でんぷんが下に沈み、少しずつ上澄うわずみが出来て、やっと疲れて眼がさめる。朝は、なんだか、しらじらしい。悲しいことが、たくさんたくさん胸に浮かんで、やりきれない。いやだ。いやだ。朝の私は一ばん醜みにくい。両方の脚が、くたくたに疲れて、そうして、もう、何もしたくない。熟睡していないせいかしら。朝は健康だなんて、あれは嘘。朝は灰色。いつもいつも同じ。一ばん虚無だ。朝の寝床の中で、私はいつも厭世的だ。いやになる。いろいろ醜い後悔ばっかり、いちどに、どっとかたまって胸をふさぎ、身悶みもだえしちゃう。
2021-05-14,日記18-1,7,これは18回目のテストデータである。あさ、眼をさますときの気持は、面白い。かくれんぼのとき、押入れの真っ暗い中に、じっと、しゃがんで隠れていて、突然、でこちゃんに、がらっと襖ふすまをあけられ、日の光がどっと来て、でこちゃんに、「見つけた！」と大声で言われて、まぶしさ、それから、へんな間の悪さ、それから、胸がどきどきして、着物のまえを合せたりして、ちょっと、てれくさく、押入れから出て来て、急にむかむか腹立たしく、あの感じ、いや、ちがう、あの感じでもない、なんだか、もっとやりきれない。箱をあけると、その中に、また小さい箱があって、その小さい箱をあけると、またその中に、もっと小さい箱があって、そいつをあけると、また、また、小さい箱があって、その小さい箱をあけると、また箱があって、そうして、七つも、八つも、あけていって、とうとうおしまいに、さいころくらいの小さい箱が出て来て、そいつをそっとあけてみて、何もない、からっぽ、あの感じ、少し近い。パチッと眼がさめるなんて、あれは嘘だ。濁って濁って、そのうちに、だんだん澱粉でんぷんが下に沈み、少しずつ上澄うわずみが出来て、やっと疲れて眼がさめる。朝は、なんだか、しらじらしい。悲しいことが、たくさんたくさん胸に浮かんで、やりきれない。いやだ。いやだ。朝の私は一ばん醜みにくい。両方の脚が、くたくたに疲れて、そうして、もう、何もしたくない。熟睡していないせいかしら。朝は健康だなんて、あれは嘘。朝は灰色。いつもいつも同じ。一ばん虚無だ。朝の寝床の中で、私はいつも厭世的だ。いやになる。いろいろ醜い後悔ばっかり、いちどに、どっとかたまって胸をふさぎ、身悶みもだえしちゃう。
2021-05-13,日記19-1,7,これは19回目のテストデータである。あさ、眼をさますときの気持は、面白い。かくれんぼのとき、押入れの真っ暗い中に、じっと、しゃがんで隠れていて、突然、でこちゃんに、がらっと襖ふすまをあけられ、日の光がどっと来て、でこちゃんに、「見つけた！」と大声で言われて、まぶしさ、それから、へんな間の悪さ、それから、胸がどきどきして、着物のまえを合せたりして、ちょっと、てれくさく、押入れから出て来て、急にむかむか腹立たしく、あの感じ、いや、ちがう、あの感じでもない、なんだか、もっとやりきれない。箱をあけると、その中に、また小さい箱があって、その小さい箱をあけると、またその中に、もっと小さい箱があって、そいつをあけると、また、また、小さい箱があって、その小さい箱をあけると、また箱があって、そうして、七つも、八つも、あけていって、とうとうおしまいに、さいころくらいの小さい箱が出て来て、そいつをそっとあけてみて、何もない、からっぽ、あの感じ、少し近い。パチッと眼がさめるなんて、あれは嘘だ。濁って濁って、そのうちに、だんだん澱粉でんぷんが下に沈み、少しずつ上澄うわずみが出来て、やっと疲れて眼がさめる。朝は、なんだか、しらじらしい。悲しいことが、たくさんたくさん胸に浮かんで、やりきれない。いやだ。いやだ。朝の私は一ばん醜みにくい。両方の脚が、くたくたに疲れて、そうして、もう、何もしたくない。熟睡していないせいかしら。朝は健康だなんて、あれは嘘。朝は灰色。いつもいつも同じ。一ばん虚無だ。朝の寝床の中で、私はいつも厭世的だ。いやになる。いろいろ醜い後悔ばっかり、いちどに、どっとかたまって胸をふさぎ、身悶みもだえしちゃう。
2021-05-12,日記20-1,7,これは20回目のテストデータである。あさ、眼をさますときの気持は、面白い。かくれんぼのとき、押入れの真っ暗い中に、じっと、しゃがんで隠れていて、突然、でこちゃんに、がらっと襖ふすまをあけられ、日の光がどっと来て、でこちゃんに、「見つけた！」と大声で言われて、まぶしさ、それから、へんな間の悪さ、それから、胸がどきどきして、着物のまえを合せたりして、ちょっと、てれくさく、押入れから出て来て、急にむかむか腹立たしく、あの感じ、いや、ちがう、あの感じでもない、なんだか、もっとやりきれない。箱をあけると、その中に、また小さい箱があって、その小さい箱をあけると、またその中に、もっと小さい箱があって、そいつをあけると、また、また、小さい箱があって、その小さい箱をあけると、また箱があって、そうして、七つも、八つも、あけていって、とうとうおしまいに、さいころくらいの小さい箱が出て来て、そいつをそっとあけてみて、何もない、からっぽ、あの感じ、少し近い。パチッと眼がさめるなんて、あれは嘘だ。濁って濁って、そのうちに、だんだん澱粉でんぷんが下に沈み、少しずつ上澄うわずみが出来て、やっと疲れて眼がさめる。朝は、なんだか、しらじらしい。悲しいことが、たくさんたくさん胸に浮かんで、やりきれない。いやだ。いやだ。朝の私は一ばん醜みにくい。両方の脚が、くたくたに疲れて、そうして、もう、何もしたくない。熟睡していないせいかしら。朝は健康だなんて、あれは嘘。朝は灰色。いつもいつも同じ。一ばん虚無だ。朝の寝床の中で、私はいつも厭世的だ。いやになる。いろいろ醜い後悔ばっかり、いちどに、どっとかたまって胸をふさぎ、身悶みもだえしちゃう。
2021-05-11,日記21-1,7,これは21回目のテストデータである。あさ、眼をさますときの気持は、面白い。かくれんぼのとき、押入れの真っ暗い中に、じっと、しゃがんで隠れていて、突然、でこちゃんに、がらっと襖ふすまをあけられ、日の光がどっと来て、でこちゃんに、「見つけた！」と大声で言われて、まぶしさ、それから、へんな間の悪さ、それから、胸がどきどきして、着物のまえを合せたりして、ちょっと、てれくさく、押入れから出て来て、急にむかむか腹立たしく、あの感じ、いや、ちがう、あの感じでもない、なんだか、もっとやりきれない。箱をあけると、その中に、また小さい箱があって、その小さい箱をあけると、またその中に、もっと小さい箱があって、そいつをあけると、また、また、小さい箱があって、その小さい箱をあけると、また箱があって、そうして、七つも、八つも、あけていって、とうとうおしまいに、さいころくらいの小さい箱が出て来て、そいつをそっとあけてみて、何もない、からっぽ、あの感じ、少し近い。パチッと眼がさめるなんて、あれは嘘だ。濁って濁って、そのうちに、だんだん澱粉でんぷんが下に沈み、少しずつ上澄うわずみが出来て、やっと疲れて眼がさめる。朝は、なんだか、しらじらしい。悲しいことが、たくさんたくさん胸に浮かんで、やりきれない。いやだ。いやだ。朝の私は一ばん醜みにくい。両方の脚が、くたくたに疲れて、そうして、もう、何もしたくない。熟睡していないせいかしら。朝は健康だなんて、あれは嘘。朝は灰色。いつもいつも同じ。一ばん虚無だ。朝の寝床の中で、私はいつも厭世的だ。いやになる。いろいろ醜い後悔ばっかり、いちどに、どっとかたまって胸をふさぎ、身悶みもだえしちゃう。
2021-05-10,日記22-1,7,これは22回目のテストデータである。あさ、眼をさますときの気持は、面白い。かくれんぼのとき、押入れの真っ暗い中に、じっと、しゃがんで隠れていて、突然、でこちゃんに、がらっと襖ふすまをあけられ、日の光がどっと来て、でこちゃんに、「見つけた！」と大声で言われて、まぶしさ、それから、へんな間の悪さ、それから、胸がどきどきして、着物のまえを合せたりして、ちょっと、てれくさく、押入れから出て来て、急にむかむか腹立たしく、あの感じ、いや、ちがう、あの感じでもない、なんだか、もっとやりきれない。箱をあけると、その中に、また小さい箱があって、その小さい箱をあけると、またその中に、もっと小さい箱があって、そいつをあけると、また、また、小さい箱があって、その小さい箱をあけると、また箱があって、そうして、七つも、八つも、あけていって、とうとうおしまいに、さいころくらいの小さい箱が出て来て、そいつをそっとあけてみて、何もない、からっぽ、あの感じ、少し近い。パチッと眼がさめるなんて、あれは嘘だ。濁って濁って、そのうちに、だんだん澱粉でんぷんが下に沈み、少しずつ上澄うわずみが出来て、やっと疲れて眼がさめる。朝は、なんだか、しらじらしい。悲しいことが、たくさんたくさん胸に浮かんで、やりきれない。いやだ。いやだ。朝の私は一ばん醜みにくい。両方の脚が、くたくたに疲れて、そうして、もう、何もしたくない。熟睡していないせいかしら。朝は健康だなんて、あれは嘘。朝は灰色。いつもいつも同じ。一ばん虚無だ。朝の寝床の中で、私はいつも厭世的だ。いやになる。いろいろ醜い後悔ばっかり、いちどに、どっとかたまって胸をふさぎ、身悶みもだえしちゃう。
2021-05-09,日記23-1,7,これは23回目のテストデータである。あさ、眼をさますときの気持は、面白い。かくれんぼのとき、押入れの真っ暗い中に、じっと、しゃがんで隠れていて、突然、でこちゃんに、がらっと襖ふすまをあけられ、日の光がどっと来て、でこちゃんに、「見つけた！」と大声で言われて、まぶしさ、それから、へんな間の悪さ、それから、胸がどきどきして、着物のまえを合せたりして、ちょっと、てれくさく、押入れから出て来て、急にむかむか腹立たしく、あの感じ、いや、ちがう、あの感じでもない、なんだか、もっとやりきれない。箱をあけると、その中に、また小さい箱があって、その小さい箱をあけると、またその中に、もっと小さい箱があって、そいつをあけると、また、また、小さい箱があって、その小さい箱をあけると、また箱があって、そうして、七つも、八つも、あけていって、とうとうおしまいに、さいころくらいの小さい箱が出て来て、そいつをそっとあけてみて、何もない、からっぽ、あの感じ、少し近い。パチッと眼がさめるなんて、あれは嘘だ。濁って濁って、そのうちに、だんだん澱粉でんぷんが下に沈み、少しずつ上澄うわずみが出来て、やっと疲れて眼がさめる。朝は、なんだか、しらじらしい。悲しいことが、たくさんたくさん胸に浮かんで、やりきれない。いやだ。いやだ。朝の私は一ばん醜みにくい。両方の脚が、くたくたに疲れて、そうして、もう、何もしたくない。熟睡していないせいかしら。朝は健康だなんて、あれは嘘。朝は灰色。いつもいつも同じ。一ばん虚無だ。朝の寝床の中で、私はいつも厭世的だ。いやになる。いろいろ醜い後悔ばっかり、いちどに、どっとかたまって胸をふさぎ、身悶みもだえしちゃう。
2021-05-08,日記24-1,7,これは24回目のテストデータである。あさ、眼をさますときの気持は、面白い。かくれんぼのとき、押入れの真っ暗い中に、じっと、しゃがんで隠れていて、突然、でこちゃんに、がらっと襖ふすまをあけられ、日の光がどっと来て、でこちゃんに、「見つけた！」と大声で言われて、まぶしさ、それから、へんな間の悪さ、それから、胸がどきどきして、着物のまえを合せたりして、ちょっと、てれくさく、押入れから出て来て、急にむかむか腹立たしく、あの感じ、いや、ちがう、あの感じでもない、なんだか、もっとやりきれない。箱をあけると、その中に、また小さい箱があって、その小さい箱をあけると、またその中に、もっと小さい箱があって、そいつをあけると、また、また、小さい箱があって、その小さい箱をあけると、また箱があって、そうして、七つも、八つも、あけていって、とうとうおしまいに、さいころくらいの小さい箱が出て来て、そいつをそっとあけてみて、何もない、からっぽ、あの感じ、少し近い。パチッと眼がさめるなんて、あれは嘘だ。濁って濁って、そのうちに、だんだん澱粉でんぷんが下に沈み、少しずつ上澄うわずみが出来て、やっと疲れて眼がさめる。朝は、なんだか、しらじらしい。悲しいことが、たくさんたくさん胸に浮かんで、やりきれない。いやだ。いやだ。朝の私は一ばん醜みにくい。両方の脚が、くたくたに疲れて、そうして、もう、何もしたくない。熟睡していないせいかしら。朝は健康だなんて、あれは嘘。朝は灰色。いつもいつも同じ。一ばん虚無だ。朝の寝床の中で、私はいつも厭世的だ。いやになる。いろいろ醜い後悔ばっかり、いちどに、どっとかたまって胸をふさぎ、身悶みもだえしちゃう。
2021-05-07,日記25-1,7,これは25回目のテストデータである。あさ、眼をさますときの気持は、面白い。かくれんぼのとき、押入れの真っ暗い中に、じっと、しゃがんで隠れていて、突然、でこちゃんに、がらっと襖ふすまをあけられ、日の光がどっと来て、でこちゃんに、「見つけた！」と大声で言われて、まぶしさ、それから、へんな間の悪さ、それから、胸がどきどきして、着物のまえを合せたりして、ちょっと、てれくさく、押入れから出て来て、急にむかむか腹立たしく、あの感じ、いや、ちがう、あの感じでもない、なんだか、もっとやりきれない。箱をあけると、その中に、また小さい箱があって、その小さい箱をあけると、またその中に、もっと小さい箱があって、そいつをあけると、また、また、小さい箱があって、その小さい箱をあけると、また箱があって、そうして、七つも、八つも、あけていって、とうとうおしまいに、さいころくらいの小さい箱が出て来て、そいつをそっとあけてみて、何もない、からっぽ、あの感じ、少し近い。パチッと眼がさめるなんて、あれは嘘だ。濁って濁って、そのうちに、だんだん澱粉でんぷんが下に沈み、少しずつ上澄うわずみが出来て、やっと疲れて眼がさめる。朝は、なんだか、しらじらしい。悲しいことが、たくさんたくさん胸に浮かんで、やりきれない。いやだ。いやだ。朝の私は一ばん醜みにくい。両方の脚が、くたくたに疲れて、そうして、もう、何もしたくない。熟睡していないせいかしら。朝は健康だなんて、あれは嘘。朝は灰色。いつもいつも同じ。一ばん虚無だ。朝の寝床の中で、私はいつも厭世的だ。いやになる。いろいろ醜い後悔ばっかり、いちどに、どっとかたまって胸をふさぎ、身悶みもだえしちゃう。
2021-05-06,日記26-1,7,これは26回目のテストデータである。あさ、眼をさますときの気持は、面白い。かくれんぼのとき、押入れの真っ暗い中に、じっと、しゃがんで隠れていて、突然、でこちゃんに、がらっと襖ふすまをあけられ、日の光がどっと来て、でこちゃんに、「見つけた！」と大声で言われて、まぶしさ、それから、へんな間の悪さ、それから、胸がどきどきして、着物のまえを合せたりして、ちょっと、てれくさく、押入れから出て来て、急にむかむか腹立たしく、あの感じ、いや、ちがう、あの感じでもない、なんだか、もっとやりきれない。箱をあけると、その中に、また小さい箱があって、その小さい箱をあけると、またその中に、もっと小さい箱があって、そいつをあけると、また、また、小さい箱があって、その小さい箱をあけると、また箱があって、そうして、七つも、八つも、あけていって、とうとうおしまいに、さいころくらいの小さい箱が出て来て、そいつをそっとあけてみて、何もない、からっぽ、あの感じ、少し近い。パチッと眼がさめるなんて、あれは嘘だ。濁って濁って、そのうちに、だんだん澱粉でんぷんが下に沈み、少しずつ上澄うわずみが出来て、やっと疲れて眼がさめる。朝は、なんだか、しらじらしい。悲しいことが、たくさんたくさん胸に浮かんで、やりきれない。いやだ。いやだ。朝の私は一ばん醜みにくい。両方の脚が、くたくたに疲れて、そうして、もう、何もしたくない。熟睡していないせいかしら。朝は健康だなんて、あれは嘘。朝は灰色。いつもいつも同じ。一ばん虚無だ。朝の寝床の中で、私はいつも厭世的だ。いやになる。いろいろ醜い後悔ばっかり、いちどに、どっとかたまって胸をふさぎ、身悶みもだえしちゃう。
2021-05-05,日記27-1,7,これは27回目のテストデータである。あさ、眼をさますときの気持は、面白い。かくれんぼのとき、押入れの真っ暗い中に、じっと、しゃがんで隠れていて、突然、でこちゃんに、がらっと襖ふすまをあけられ、日の光がどっと来て、でこちゃんに、「見つけた！」と大声で言われて、まぶしさ、それから、へんな間の悪さ、それから、胸がどきどきして、着物のまえを合せたりして、ちょっと、てれくさく、押入れから出て来て、急にむかむか腹立たしく、あの感じ、いや、ちがう、あの感じでもない、なんだか、もっとやりきれない。箱をあけると、その中に、また小さい箱があって、その小さい箱をあけると、またその中に、もっと小さい箱があって、そいつをあけると、また、また、小さい箱があって、その小さい箱をあけると、また箱があって、そうして、七つも、八つも、あけていって、とうとうおしまいに、さいころくらいの小さい箱が出て来て、そいつをそっとあけてみて、何もない、からっぽ、あの感じ、少し近い。パチッと眼がさめるなんて、あれは嘘だ。濁って濁って、そのうちに、だんだん澱粉でんぷんが下に沈み、少しずつ上澄うわずみが出来て、やっと疲れて眼がさめる。朝は、なんだか、しらじらしい。悲しいことが、たくさんたくさん胸に浮かんで、やりきれない。いやだ。いやだ。朝の私は一ばん醜みにくい。両方の脚が、くたくたに疲れて、そうして、もう、何もしたくない。熟睡していないせいかしら。朝は健康だなんて、あれは嘘。朝は灰色。いつもいつも同じ。一ばん虚無だ。朝の寝床の中で、私はいつも厭世的だ。いやになる。いろいろ醜い後悔ばっかり、いちどに、どっとかたまって胸をふさぎ、身悶みもだえしちゃう。
2021-05-04,日記28-1,7,これは28回目のテストデータである。あさ、眼をさますときの気持は、面白い。かくれんぼのとき、押入れの真っ暗い中に、じっと、しゃがんで隠れていて、突然、でこちゃんに、がらっと襖ふすまをあけられ、日の光がどっと来て、でこちゃんに、「見つけた！」と大声で言われて、まぶしさ、それから、へんな間の悪さ、それから、胸がどきどきして、着物のまえを合せたりして、ちょっと、てれくさく、押入れから出て来て、急にむかむか腹立たしく、あの感じ、いや、ちがう、あの感じでもない、なんだか、もっとやりきれない。箱をあけると、その中に、また小さい箱があって、その小さい箱をあけると、またその中に、もっと小さい箱があって、そいつをあけると、また、また、小さい箱があって、その小さい箱をあけると、また箱があって、そうして、七つも、八つも、あけていって、とうとうおしまいに、さいころくらいの小さい箱が出て来て、そいつをそっとあけてみて、何もない、からっぽ、あの感じ、少し近い。パチッと眼がさめるなんて、あれは嘘だ。濁って濁って、そのうちに、だんだん澱粉でんぷんが下に沈み、少しずつ上澄うわずみが出来て、やっと疲れて眼がさめる。朝は、なんだか、しらじらしい。悲しいことが、たくさんたくさん胸に浮かんで、やりきれない。いやだ。いやだ。朝の私は一ばん醜みにくい。両方の脚が、くたくたに疲れて、そうして、もう、何もしたくない。熟睡していないせいかしら。朝は健康だなんて、あれは嘘。朝は灰色。いつもいつも同じ。一ばん虚無だ。朝の寝床の中で、私はいつも厭世的だ。いやになる。いろいろ醜い後悔ばっかり、いちどに、どっとかたまって胸をふさぎ、身悶みもだえしちゃう。
2021-05-03,日記29-1,7,これは29回目のテストデータである。あさ、眼をさますときの気持は、面白い。かくれんぼのとき、押入れの真っ暗い中に、じっと、しゃがんで隠れていて、突然、でこちゃんに、がらっと襖ふすまをあけられ、日の光がどっと来て、でこちゃんに、「見つけた！」と大声で言われて、まぶしさ、それから、へんな間の悪さ、それから、胸がどきどきして、着物のまえを合せたりして、ちょっと、てれくさく、押入れから出て来て、急にむかむか腹立たしく、あの感じ、いや、ちがう、あの感じでもない、なんだか、もっとやりきれない。箱をあけると、その中に、また小さい箱があって、その小さい箱をあけると、またその中に、もっと小さい箱があって、そいつをあけると、また、また、小さい箱があって、その小さい箱をあけると、また箱があって、そうして、七つも、八つも、あけていって、とうとうおしまいに、さいころくらいの小さい箱が出て来て、そいつをそっとあけてみて、何もない、からっぽ、あの感じ、少し近い。パチッと眼がさめるなんて、あれは嘘だ。濁って濁って、そのうちに、だんだん澱粉でんぷんが下に沈み、少しずつ上澄うわずみが出来て、やっと疲れて眼がさめる。朝は、なんだか、しらじらしい。悲しいことが、たくさんたくさん胸に浮かんで、やりきれない。いやだ。いやだ。朝の私は一ばん醜みにくい。両方の脚が、くたくたに疲れて、そうして、もう、何もしたくない。熟睡していないせいかしら。朝は健康だなんて、あれは嘘。朝は灰色。いつもいつも同じ。一ばん虚無だ。朝の寝床の中で、私はいつも厭世的だ。いやになる。いろいろ醜い後悔ばっかり、いちどに、どっとかたまって胸をふさぎ、身悶みもだえしちゃう。
2021-05-02,日記30-1,7,これは30回目のテストデータである。あさ、眼をさますときの気持は、面白い。かくれんぼのとき、押入れの真っ暗い中に、じっと、しゃがんで隠れていて、突然、でこちゃんに、がらっと襖ふすまをあけられ、日の光がどっと来て、でこちゃんに、「見つけた！」と大声で言われて、まぶしさ、それから、へんな間の悪さ、それから、胸がどきどきして、着物のまえを合せたりして、ちょっと、てれくさく、押入れから出て来て、急にむかむか腹立たしく、あの感じ、いや、ちがう、あの感じでもない、なんだか、もっとやりきれない。箱をあけると、その中に、また小さい箱があって、その小さい箱をあけると、またその中に、もっと小さい箱があって、そいつをあけると、また、また、小さい箱があって、その小さい箱をあけると、また箱があって、そうして、七つも、八つも、あけていって、とうとうおしまいに、さいころくらいの小さい箱が出て来て、そいつをそっとあけてみて、何もない、からっぽ、あの感じ、少し近い。パチッと眼がさめるなんて、あれは嘘だ。濁って濁って、そのうちに、だんだん澱粉でんぷんが下に沈み、少しずつ上澄うわずみが出来て、やっと疲れて眼がさめる。朝は、なんだか、しらじらしい。悲しいことが、たくさんたくさん胸に浮かんで、やりきれない。いやだ。いやだ。朝の私は一ばん醜みにくい。両方の脚が、くたくたに疲れて、そうして、もう、何もしたくない。熟睡していないせいかしら。朝は健康だなんて、あれは嘘。朝は灰色。いつもいつも同じ。一ばん虚無だ。朝の寝床の中で、私はいつも厭世的だ。いやになる。いろいろ醜い後悔ばっかり、いちどに、どっとかたまって胸をふさぎ、身悶みもだえしちゃう。
2021-05-01,日記31-1,7,これは31回目のテストデータである。あさ、眼をさますときの気持は、面白い。かくれんぼのとき、押入れの真っ暗い中に、じっと、しゃがんで隠れていて、突然、でこちゃんに、がらっと襖ふすまをあけられ、日の光がどっと来て、でこちゃんに、「見つけた！」と大声で言われて、まぶしさ、それから、へんな間の悪さ、それから、胸がどきどきして、着物のまえを合せたりして、ちょっと、てれくさく、押入れから出て来て、急にむかむか腹立たしく、あの感じ、いや、ちがう、あの感じでもない、なんだか、もっとやりきれない。箱をあけると、その中に、また小さい箱があって、その小さい箱をあけると、またその中に、もっと小さい箱があって、そいつをあけると、また、また、小さい箱があって、その小さい箱をあけると、また箱があって、そうして、七つも、八つも、あけていって、とうとうおしまいに、さいころくらいの小さい箱が出て来て、そいつをそっとあけてみて、何もない、からっぽ、あの感じ、少し近い。パチッと眼がさめるなんて、あれは嘘だ。濁って濁って、そのうちに、だんだん澱粉でんぷんが下に沈み、少しずつ上澄うわずみが出来て、やっと疲れて眼がさめる。朝は、なんだか、しらじらしい。悲しいことが、たくさんたくさん胸に浮かんで、やりきれない。いやだ。いやだ。朝の私は一ばん醜みにくい。両方の脚が、くたくたに疲れて、そうして、もう、何もしたくない。熟睡していないせいかしら。朝は健康だなんて、あれは嘘。朝は灰色。いつもいつも同じ。一ばん虚無だ。朝の寝床の中で、私はいつも厭世的だ。いやになる。いろいろ醜い後悔ばっかり、いちどに、どっとかたまって胸をふさぎ、身悶みもだえしちゃう。
2021-04-30,日記32-1,7,これは32回目のテストデータである。あさ、眼をさますときの気持は、面白い。かくれんぼのとき、押入れの真っ暗い中に、じっと、しゃがんで隠れていて、突然、でこちゃんに、がらっと襖ふすまをあけられ、日の光がどっと来て、でこちゃんに、「見つけた！」と大声で言われて、まぶしさ、それから、へんな間の悪さ、それから、胸がどきどきして、着物のまえを合せたりして、ちょっと、てれくさく、押入れから出て来て、急にむかむか腹立たしく、あの感じ、いや、ちがう、あの感じでもない、なんだか、もっとやりきれない。箱をあけると、その中に、また小さい箱があって、その小さい箱をあけると、またその中に、もっと小さい箱があって、そいつをあけると、また、また、小さい箱があって、その小さい箱をあけると、また箱があって、そうして、七つも、八つも、あけていって、とうとうおしまいに、さいころくらいの小さい箱が出て来て、そいつをそっとあけてみて、何もない、からっぽ、あの感じ、少し近い。パチッと眼がさめるなんて、あれは嘘だ。濁って濁って、そのうちに、だんだん澱粉でんぷんが下に沈み、少しずつ上澄うわずみが出来て、やっと疲れて眼がさめる。朝は、なんだか、しらじらしい。悲しいことが、たくさんたくさん胸に浮かんで、やりきれない。いやだ。いやだ。朝の私は一ばん醜みにくい。両方の脚が、くたくたに疲れて、そうして、もう、何もしたくない。熟睡していないせいかしら。朝は健康だなんて、あれは嘘。朝は灰色。いつもいつも同じ。一ばん虚無だ。朝の寝床の中で、私はいつも厭世的だ。いやになる。いろいろ醜い後悔ばっかり、いちどに、どっとかたまって胸をふさぎ、身悶みもだえしちゃう。
2021-04-29,日記33-1,7,これは33回目のテストデータである。あさ、眼をさますときの気持は、面白い。かくれんぼのとき、押入れの真っ暗い中に、じっと、しゃがんで隠れていて、突然、でこちゃんに、がらっと襖ふすまをあけられ、日の光がどっと来て、でこちゃんに、「見つけた！」と大声で言われて、まぶしさ、それから、へんな間の悪さ、それから、胸がどきどきして、着物のまえを合せたりして、ちょっと、てれくさく、押入れから出て来て、急にむかむか腹立たしく、あの感じ、いや、ちがう、あの感じでもない、なんだか、もっとやりきれない。箱をあけると、その中に、また小さい箱があって、その小さい箱をあけると、またその中に、もっと小さい箱があって、そいつをあけると、また、また、小さい箱があって、その小さい箱をあけると、また箱があって、そうして、七つも、八つも、あけていって、とうとうおしまいに、さいころくらいの小さい箱が出て来て、そいつをそっとあけてみて、何もない、からっぽ、あの感じ、少し近い。パチッと眼がさめるなんて、あれは嘘だ。濁って濁って、そのうちに、だんだん澱粉でんぷんが下に沈み、少しずつ上澄うわずみが出来て、やっと疲れて眼がさめる。朝は、なんだか、しらじらしい。悲しいことが、たくさんたくさん胸に浮かんで、やりきれない。いやだ。いやだ。朝の私は一ばん醜みにくい。両方の脚が、くたくたに疲れて、そうして、もう、何もしたくない。熟睡していないせいかしら。朝は健康だなんて、あれは嘘。朝は灰色。いつもいつも同じ。一ばん虚無だ。朝の寝床の中で、私はいつも厭世的だ。いやになる。いろいろ醜い後悔ばっかり、いちどに、どっとかたまって胸をふさぎ、身悶みもだえしちゃう。
2021-04-28,日記34-1,7,これは34回目のテストデータである。あさ、眼をさますときの気持は、面白い。かくれんぼのとき、押入れの真っ暗い中に、じっと、しゃがんで隠れていて、突然、でこちゃんに、がらっと襖ふすまをあけられ、日の光がどっと来て、でこちゃんに、「見つけた！」と大声で言われて、まぶしさ、それから、へんな間の悪さ、それから、胸がどきどきして、着物のまえを合せたりして、ちょっと、てれくさく、押入れから出て来て、急にむかむか腹立たしく、あの感じ、いや、ちがう、あの感じでもない、なんだか、もっとやりきれない。箱をあけると、その中に、また小さい箱があって、その小さい箱をあけると、またその中に、もっと小さい箱があって、そいつをあけると、また、また、小さい箱があって、その小さい箱をあけると、また箱があって、そうして、七つも、八つも、あけていって、とうとうおしまいに、さいころくらいの小さい箱が出て来て、そいつをそっとあけてみて、何もない、からっぽ、あの感じ、少し近い。パチッと眼がさめるなんて、あれは嘘だ。濁って濁って、そのうちに、だんだん澱粉でんぷんが下に沈み、少しずつ上澄うわずみが出来て、やっと疲れて眼がさめる。朝は、なんだか、しらじらしい。悲しいことが、たくさんたくさん胸に浮かんで、やりきれない。いやだ。いやだ。朝の私は一ばん醜みにくい。両方の脚が、くたくたに疲れて、そうして、もう、何もしたくない。熟睡していないせいかしら。朝は健康だなんて、あれは嘘。朝は灰色。いつもいつも同じ。一ばん虚無だ。朝の寝床の中で、私はいつも厭世的だ。いやになる。いろいろ醜い後悔ばっかり、いちどに、どっとかたまって胸をふさぎ、身悶みもだえしちゃう。
2021-04-27,日記35-1,7,これは35回目のテストデータである。あさ、眼をさますときの気持は、面白い。かくれんぼのとき、押入れの真っ暗い中に、じっと、しゃがんで隠れていて、突然、でこちゃんに、がらっと襖ふすまをあけられ、日の光がどっと来て、でこちゃんに、「見つけた！」と大声で言われて、まぶしさ、それから、へんな間の悪さ、それから、胸がどきどきして、着物のまえを合せたりして、ちょっと、てれくさく、押入れから出て来て、急にむかむか腹立たしく、あの感じ、いや、ちがう、あの感じでもない、なんだか、もっとやりきれない。箱をあけると、その中に、また小さい箱があって、その小さい箱をあけると、またその中に、もっと小さい箱があって、そいつをあけると、また、また、小さい箱があって、その小さい箱をあけると、また箱があって、そうして、七つも、八つも、あけていって、とうとうおしまいに、さいころくらいの小さい箱が出て来て、そいつをそっとあけてみて、何もない、からっぽ、あの感じ、少し近い。パチッと眼がさめるなんて、あれは嘘だ。濁って濁って、そのうちに、だんだん澱粉でんぷんが下に沈み、少しずつ上澄うわずみが出来て、やっと疲れて眼がさめる。朝は、なんだか、しらじらしい。悲しいことが、たくさんたくさん胸に浮かんで、やりきれない。いやだ。いやだ。朝の私は一ばん醜みにくい。両方の脚が、くたくたに疲れて、そうして、もう、何もしたくない。熟睡していないせいかしら。朝は健康だなんて、あれは嘘。朝は灰色。いつもいつも同じ。一ばん虚無だ。朝の寝床の中で、私はいつも厭世的だ。いやになる。いろいろ醜い後悔ばっかり、いちどに、どっとかたまって胸をふさぎ、身悶みもだえしちゃう。
2021-04-26,日記36-1,7,これは36回目のテストデータである。あさ、眼をさますときの気持は、面白い。かくれんぼのとき、押入れの真っ暗い中に、じっと、しゃがんで隠れていて、突然、でこちゃんに、がらっと襖ふすまをあけられ、日の光がどっと来て、でこちゃんに、「見つけた！」と大声で言われて、まぶしさ、それから、へんな間の悪さ、それから、胸がどきどきして、着物のまえを合せたりして、ちょっと、てれくさく、押入れから出て来て、急にむかむか腹立たしく、あの感じ、いや、ちがう、あの感じでもない、なんだか、もっとやりきれない。箱をあけると、その中に、また小さい箱があって、その小さい箱をあけると、またその中に、もっと小さい箱があって、そいつをあけると、また、また、小さい箱があって、その小さい箱をあけると、また箱があって、そうして、七つも、八つも、あけていって、とうとうおしまいに、さいころくらいの小さい箱が出て来て、そいつをそっとあけてみて、何もない、からっぽ、あの感じ、少し近い。パチッと眼がさめるなんて、あれは嘘だ。濁って濁って、そのうちに、だんだん澱粉でんぷんが下に沈み、少しずつ上澄うわずみが出来て、やっと疲れて眼がさめる。朝は、なんだか、しらじらしい。悲しいことが、たくさんたくさん胸に浮かんで、やりきれない。いやだ。いやだ。朝の私は一ばん醜みにくい。両方の脚が、くたくたに疲れて、そうして、もう、何もしたくない。熟睡していないせいかしら。朝は健康だなんて、あれは嘘。朝は灰色。いつもいつも同じ。一ばん虚無だ。朝の寝床の中で、私はいつも厭世的だ。いやになる。いろいろ醜い後悔ばっかり、いちどに、どっとかたまって胸をふさぎ、身悶みもだえしちゃう。
2021-04-25,日記37-1,7,これは37回目のテストデータである。あさ、眼をさますときの気持は、面白い。かくれんぼのとき、押入れの真っ暗い中に、じっと、しゃがんで隠れていて、突然、でこちゃんに、がらっと襖ふすまをあけられ、日の光がどっと来て、でこちゃんに、「見つけた！」と大声で言われて、まぶしさ、それから、へんな間の悪さ、それから、胸がどきどきして、着物のまえを合せたりして、ちょっと、てれくさく、押入れから出て来て、急にむかむか腹立たしく、あの感じ、いや、ちがう、あの感じでもない、なんだか、もっとやりきれない。箱をあけると、その中に、また小さい箱があって、その小さい箱をあけると、またその中に、もっと小さい箱があって、そいつをあけると、また、また、小さい箱があって、その小さい箱をあけると、また箱があって、そうして、七つも、八つも、あけていって、とうとうおしまいに、さいころくらいの小さい箱が出て来て、そいつをそっとあけてみて、何もない、からっぽ、あの感じ、少し近い。パチッと眼がさめるなんて、あれは嘘だ。濁って濁って、そのうちに、だんだん澱粉でんぷんが下に沈み、少しずつ上澄うわずみが出来て、やっと疲れて眼がさめる。朝は、なんだか、しらじらしい。悲しいことが、たくさんたくさん胸に浮かんで、やりきれない。いやだ。いやだ。朝の私は一ばん醜みにくい。両方の脚が、くたくたに疲れて、そうして、もう、何もしたくない。熟睡していないせいかしら。朝は健康だなんて、あれは嘘。朝は灰色。いつもいつも同じ。一ばん虚無だ。朝の寝床の中で、私はいつも厭世的だ。いやになる。いろいろ醜い後悔ばっかり、いちどに、どっとかたまって胸をふさぎ、身悶みもだえしちゃう。
2021-04-24,日記38-1,7,これは38回目のテストデータである。あさ、眼をさますときの気持は、面白い。かくれんぼのとき、押入れの真っ暗い中に、じっと、しゃがんで隠れていて、突然、でこちゃんに、がらっと襖ふすまをあけられ、日の光がどっと来て、でこちゃんに、「見つけた！」と大声で言われて、まぶしさ、それから、へんな間の悪さ、それから、胸がどきどきして、着物のまえを合せたりして、ちょっと、てれくさく、押入れから出て来て、急にむかむか腹立たしく、あの感じ、いや、ちがう、あの感じでもない、なんだか、もっとやりきれない。箱をあけると、その中に、また小さい箱があって、その小さい箱をあけると、またその中に、もっと小さい箱があって、そいつをあけると、また、また、小さい箱があって、その小さい箱をあけると、また箱があって、そうして、七つも、八つも、あけていって、とうとうおしまいに、さいころくらいの小さい箱が出て来て、そいつをそっとあけてみて、何もない、からっぽ、あの感じ、少し近い。パチッと眼がさめるなんて、あれは嘘だ。濁って濁って、そのうちに、だんだん澱粉でんぷんが下に沈み、少しずつ上澄うわずみが出来て、やっと疲れて眼がさめる。朝は、なんだか、しらじらしい。悲しいことが、たくさんたくさん胸に浮かんで、やりきれない。いやだ。いやだ。朝の私は一ばん醜みにくい。両方の脚が、くたくたに疲れて、そうして、もう、何もしたくない。熟睡していないせいかしら。朝は健康だなんて、あれは嘘。朝は灰色。いつもいつも同じ。一ばん虚無だ。朝の寝床の中で、私はいつも厭世的だ。いやになる。いろいろ醜い後悔ばっかり、いちどに、どっとかたまって胸をふさぎ、身悶みもだえしちゃう。
2021-04-23,日記39-1,7,これは39回目のテストデータである。あさ、眼をさますときの気持は、面白い。かくれんぼのとき、押入れの真っ暗い中に、じっと、しゃがんで隠れていて、突然、でこちゃんに、がらっと襖ふすまをあけられ、日の光がどっと来て、でこちゃんに、「見つけた！」と大声で言われて、まぶしさ、それから、へんな間の悪さ、それから、胸がどきどきして、着物のまえを合せたりして、ちょっと、てれくさく、押入れから出て来て、急にむかむか腹立たしく、あの感じ、いや、ちがう、あの感じでもない、なんだか、もっとやりきれない。箱をあけると、その中に、また小さい箱があって、その小さい箱をあけると、またその中に、もっと小さい箱があって、そいつをあけると、また、また、小さい箱があって、その小さい箱をあけると、また箱があって、そうして、七つも、八つも、あけていって、とうとうおしまいに、さいころくらいの小さい箱が出て来て、そいつをそっとあけてみて、何もない、からっぽ、あの感じ、少し近い。パチッと眼がさめるなんて、あれは嘘だ。濁って濁って、そのうちに、だんだん澱粉でんぷんが下に沈み、少しずつ上澄うわずみが出来て、やっと疲れて眼がさめる。朝は、なんだか、しらじらしい。悲しいことが、たくさんたくさん胸に浮かんで、やりきれない。いやだ。いやだ。朝の私は一ばん醜みにくい。両方の脚が、くたくたに疲れて、そうして、もう、何もしたくない。熟睡していないせいかしら。朝は健康だなんて、あれは嘘。朝は灰色。いつもいつも同じ。一ばん虚無だ。朝の寝床の中で、私はいつも厭世的だ。いやになる。いろいろ醜い後悔ばっかり、いちどに、どっとかたまって胸をふさぎ、身悶みもだえしちゃう。
2021-04-22,日記40-1,7,これは40回目のテストデータである。あさ、眼をさますときの気持は、面白い。かくれんぼのとき、押入れの真っ暗い中に、じっと、しゃがんで隠れていて、突然、でこちゃんに、がらっと襖ふすまをあけられ、日の光がどっと来て、でこちゃんに、「見つけた！」と大声で言われて、まぶしさ、それから、へんな間の悪さ、それから、胸がどきどきして、着物のまえを合せたりして、ちょっと、てれくさく、押入れから出て来て、急にむかむか腹立たしく、あの感じ、いや、ちがう、あの感じでもない、なんだか、もっとやりきれない。箱をあけると、その中に、また小さい箱があって、その小さい箱をあけると、またその中に、もっと小さい箱があって、そいつをあけると、また、また、小さい箱があって、その小さい箱をあけると、また箱があって、そうして、七つも、八つも、あけていって、とうとうおしまいに、さいころくらいの小さい箱が出て来て、そいつをそっとあけてみて、何もない、からっぽ、あの感じ、少し近い。パチッと眼がさめるなんて、あれは嘘だ。濁って濁って、そのうちに、だんだん澱粉でんぷんが下に沈み、少しずつ上澄うわずみが出来て、やっと疲れて眼がさめる。朝は、なんだか、しらじらしい。悲しいことが、たくさんたくさん胸に浮かんで、やりきれない。いやだ。いやだ。朝の私は一ばん醜みにくい。両方の脚が、くたくたに疲れて、そうして、もう、何もしたくない。熟睡していないせいかしら。朝は健康だなんて、あれは嘘。朝は灰色。いつもいつも同じ。一ばん虚無だ。朝の寝床の中で、私はいつも厭世的だ。いやになる。いろいろ醜い後悔ばっかり、いちどに、どっとかたまって胸をふさぎ、身悶みもだえしちゃう。
2021-04-21,日記41-1,7,これは41回目のテストデータである。あさ、眼をさますときの気持は、面白い。かくれんぼのとき、押入れの真っ暗い中に、じっと、しゃがんで隠れていて、突然、でこちゃんに、がらっと襖ふすまをあけられ、日の光がどっと来て、でこちゃんに、「見つけた！」と大声で言われて、まぶしさ、それから、へんな間の悪さ、それから、胸がどきどきして、着物のまえを合せたりして、ちょっと、てれくさく、押入れから出て来て、急にむかむか腹立たしく、あの感じ、いや、ちがう、あの感じでもない、なんだか、もっとやりきれない。箱をあけると、その中に、また小さい箱があって、その小さい箱をあけると、またその中に、もっと小さい箱があって、そいつをあけると、また、また、小さい箱があって、その小さい箱をあけると、また箱があって、そうして、七つも、八つも、あけていって、とうとうおしまいに、さいころくらいの小さい箱が出て来て、そいつをそっとあけてみて、何もない、からっぽ、あの感じ、少し近い。パチッと眼がさめるなんて、あれは嘘だ。濁って濁って、そのうちに、だんだん澱粉でんぷんが下に沈み、少しずつ上澄うわずみが出来て、やっと疲れて眼がさめる。朝は、なんだか、しらじらしい。悲しいことが、たくさんたくさん胸に浮かんで、やりきれない。いやだ。いやだ。朝の私は一ばん醜みにくい。両方の脚が、くたくたに疲れて、そうして、もう、何もしたくない。熟睡していないせいかしら。朝は健康だなんて、あれは嘘。朝は灰色。いつもいつも同じ。一ばん虚無だ。朝の寝床の中で、私はいつも厭世的だ。いやになる。いろいろ醜い後悔ばっかり、いちどに、どっとかたまって胸をふさぎ、身悶みもだえしちゃう。
2021-04-20,日記42-1,7,これは42回目のテストデータである。あさ、眼をさますときの気持は、面白い。かくれんぼのとき、押入れの真っ暗い中に、じっと、しゃがんで隠れていて、突然、でこちゃんに、がらっと襖ふすまをあけられ、日の光がどっと来て、でこちゃんに、「見つけた！」と大声で言われて、まぶしさ、それから、へんな間の悪さ、それから、胸がどきどきして、着物のまえを合せたりして、ちょっと、てれくさく、押入れから出て来て、急にむかむか腹立たしく、あの感じ、いや、ちがう、あの感じでもない、なんだか、もっとやりきれない。箱をあけると、その中に、また小さい箱があって、その小さい箱をあけると、またその中に、もっと小さい箱があって、そいつをあけると、また、また、小さい箱があって、その小さい箱をあけると、また箱があって、そうして、七つも、八つも、あけていって、とうとうおしまいに、さいころくらいの小さい箱が出て来て、そいつをそっとあけてみて、何もない、からっぽ、あの感じ、少し近い。パチッと眼がさめるなんて、あれは嘘だ。濁って濁って、そのうちに、だんだん澱粉でんぷんが下に沈み、少しずつ上澄うわずみが出来て、やっと疲れて眼がさめる。朝は、なんだか、しらじらしい。悲しいことが、たくさんたくさん胸に浮かんで、やりきれない。いやだ。いやだ。朝の私は一ばん醜みにくい。両方の脚が、くたくたに疲れて、そうして、もう、何もしたくない。熟睡していないせいかしら。朝は健康だなんて、あれは嘘。朝は灰色。いつもいつも同じ。一ばん虚無だ。朝の寝床の中で、私はいつも厭世的だ。いやになる。いろいろ醜い後悔ばっかり、いちどに、どっとかたまって胸をふさぎ、身悶みもだえしちゃう。
2021-04-19,日記43-1,7,これは43回目のテストデータである。あさ、眼をさますときの気持は、面白い。かくれんぼのとき、押入れの真っ暗い中に、じっと、しゃがんで隠れていて、突然、でこちゃんに、がらっと襖ふすまをあけられ、日の光がどっと来て、でこちゃんに、「見つけた！」と大声で言われて、まぶしさ、それから、へんな間の悪さ、それから、胸がどきどきして、着物のまえを合せたりして、ちょっと、てれくさく、押入れから出て来て、急にむかむか腹立たしく、あの感じ、いや、ちがう、あの感じでもない、なんだか、もっとやりきれない。箱をあけると、その中に、また小さい箱があって、その小さい箱をあけると、またその中に、もっと小さい箱があって、そいつをあけると、また、また、小さい箱があって、その小さい箱をあけると、また箱があって、そうして、七つも、八つも、あけていって、とうとうおしまいに、さいころくらいの小さい箱が出て来て、そいつをそっとあけてみて、何もない、からっぽ、あの感じ、少し近い。パチッと眼がさめるなんて、あれは嘘だ。濁って濁って、そのうちに、だんだん澱粉でんぷんが下に沈み、少しずつ上澄うわずみが出来て、やっと疲れて眼がさめる。朝は、なんだか、しらじらしい。悲しいことが、たくさんたくさん胸に浮かんで、やりきれない。いやだ。いやだ。朝の私は一ばん醜みにくい。両方の脚が、くたくたに疲れて、そうして、もう、何もしたくない。熟睡していないせいかしら。朝は健康だなんて、あれは嘘。朝は灰色。いつもいつも同じ。一ばん虚無だ。朝の寝床の中で、私はいつも厭世的だ。いやになる。いろいろ醜い後悔ばっかり、いちどに、どっとかたまって胸をふさぎ、身悶みもだえしちゃう。
2021-04-18,日記44-1,7,これは44回目のテストデータである。あさ、眼をさますときの気持は、面白い。かくれんぼのとき、押入れの真っ暗い中に、じっと、しゃがんで隠れていて、突然、でこちゃんに、がらっと襖ふすまをあけられ、日の光がどっと来て、でこちゃんに、「見つけた！」と大声で言われて、まぶしさ、それから、へんな間の悪さ、それから、胸がどきどきして、着物のまえを合せたりして、ちょっと、てれくさく、押入れから出て来て、急にむかむか腹立たしく、あの感じ、いや、ちがう、あの感じでもない、なんだか、もっとやりきれない。箱をあけると、その中に、また小さい箱があって、その小さい箱をあけると、またその中に、もっと小さい箱があって、そいつをあけると、また、また、小さい箱があって、その小さい箱をあけると、また箱があって、そうして、七つも、八つも、あけていって、とうとうおしまいに、さいころくらいの小さい箱が出て来て、そいつをそっとあけてみて、何もない、からっぽ、あの感じ、少し近い。パチッと眼がさめるなんて、あれは嘘だ。濁って濁って、そのうちに、だんだん澱粉でんぷんが下に沈み、少しずつ上澄うわずみが出来て、やっと疲れて眼がさめる。朝は、なんだか、しらじらしい。悲しいことが、たくさんたくさん胸に浮かんで、やりきれない。いやだ。いやだ。朝の私は一ばん醜みにくい。両方の脚が、くたくたに疲れて、そうして、もう、何もしたくない。熟睡していないせいかしら。朝は健康だなんて、あれは嘘。朝は灰色。いつもいつも同じ。一ばん虚無だ。朝の寝床の中で、私はいつも厭世的だ。いやになる。いろいろ醜い後悔ばっかり、いちどに、どっとかたまって胸をふさぎ、身悶みもだえしちゃう。
2021-04-17,日記45-1,7,これは45回目のテストデータである。あさ、眼をさますときの気持は、面白い。かくれんぼのとき、押入れの真っ暗い中に、じっと、しゃがんで隠れていて、突然、でこちゃんに、がらっと襖ふすまをあけられ、日の光がどっと来て、でこちゃんに、「見つけた！」と大声で言われて、まぶしさ、それから、へんな間の悪さ、それから、胸がどきどきして、着物のまえを合せたりして、ちょっと、てれくさく、押入れから出て来て、急にむかむか腹立たしく、あの感じ、いや、ちがう、あの感じでもない、なんだか、もっとやりきれない。箱をあけると、その中に、また小さい箱があって、その小さい箱をあけると、またその中に、もっと小さい箱があって、そいつをあけると、また、また、小さい箱があって、その小さい箱をあけると、また箱があって、そうして、七つも、八つも、あけていって、とうとうおしまいに、さいころくらいの小さい箱が出て来て、そいつをそっとあけてみて、何もない、からっぽ、あの感じ、少し近い。パチッと眼がさめるなんて、あれは嘘だ。濁って濁って、そのうちに、だんだん澱粉でんぷんが下に沈み、少しずつ上澄うわずみが出来て、やっと疲れて眼がさめる。朝は、なんだか、しらじらしい。悲しいことが、たくさんたくさん胸に浮かんで、やりきれない。いやだ。いやだ。朝の私は一ばん醜みにくい。両方の脚が、くたくたに疲れて、そうして、もう、何もしたくない。熟睡していないせいかしら。朝は健康だなんて、あれは嘘。朝は灰色。いつもいつも同じ。一ばん虚無だ。朝の寝床の中で、私はいつも厭世的だ。いやになる。いろいろ醜い後悔ばっかり、いちどに、どっとかたまって胸をふさぎ、身悶みもだえしちゃう。
2021-04-16,日記46-1,7,これは46回目のテストデータである。あさ、眼をさますときの気持は、面白い。かくれんぼのとき、押入れの真っ暗い中に、じっと、しゃがんで隠れていて、突然、でこちゃんに、がらっと襖ふすまをあけられ、日の光がどっと来て、でこちゃんに、「見つけた！」と大声で言われて、まぶしさ、それから、へんな間の悪さ、それから、胸がどきどきして、着物のまえを合せたりして、ちょっと、てれくさく、押入れから出て来て、急にむかむか腹立たしく、あの感じ、いや、ちがう、あの感じでもない、なんだか、もっとやりきれない。箱をあけると、その中に、また小さい箱があって、その小さい箱をあけると、またその中に、もっと小さい箱があって、そいつをあけると、また、また、小さい箱があって、その小さい箱をあけると、また箱があって、そうして、七つも、八つも、あけていって、とうとうおしまいに、さいころくらいの小さい箱が出て来て、そいつをそっとあけてみて、何もない、からっぽ、あの感じ、少し近い。パチッと眼がさめるなんて、あれは嘘だ。濁って濁って、そのうちに、だんだん澱粉でんぷんが下に沈み、少しずつ上澄うわずみが出来て、やっと疲れて眼がさめる。朝は、なんだか、しらじらしい。悲しいことが、たくさんたくさん胸に浮かんで、やりきれない。いやだ。いやだ。朝の私は一ばん醜みにくい。両方の脚が、くたくたに疲れて、そうして、もう、何もしたくない。熟睡していないせいかしら。朝は健康だなんて、あれは嘘。朝は灰色。いつもいつも同じ。一ばん虚無だ。朝の寝床の中で、私はいつも厭世的だ。いやになる。いろいろ醜い後悔ばっかり、いちどに、どっとかたまって胸をふさぎ、身悶みもだえしちゃう。
2021-04-15,日記47-1,7,これは47回目のテストデータである。あさ、眼をさますときの気持は、面白い。かくれんぼのとき、押入れの真っ暗い中に、じっと、しゃがんで隠れていて、突然、でこちゃんに、がらっと襖ふすまをあけられ、日の光がどっと来て、でこちゃんに、「見つけた！」と大声で言われて、まぶしさ、それから、へんな間の悪さ、それから、胸がどきどきして、着物のまえを合せたりして、ちょっと、てれくさく、押入れから出て来て、急にむかむか腹立たしく、あの感じ、いや、ちがう、あの感じでもない、なんだか、もっとやりきれない。箱をあけると、その中に、また小さい箱があって、その小さい箱をあけると、またその中に、もっと小さい箱があって、そいつをあけると、また、また、小さい箱があって、その小さい箱をあけると、また箱があって、そうして、七つも、八つも、あけていって、とうとうおしまいに、さいころくらいの小さい箱が出て来て、そいつをそっとあけてみて、何もない、からっぽ、あの感じ、少し近い。パチッと眼がさめるなんて、あれは嘘だ。濁って濁って、そのうちに、だんだん澱粉でんぷんが下に沈み、少しずつ上澄うわずみが出来て、やっと疲れて眼がさめる。朝は、なんだか、しらじらしい。悲しいことが、たくさんたくさん胸に浮かんで、やりきれない。いやだ。いやだ。朝の私は一ばん醜みにくい。両方の脚が、くたくたに疲れて、そうして、もう、何もしたくない。熟睡していないせいかしら。朝は健康だなんて、あれは嘘。朝は灰色。いつもいつも同じ。一ばん虚無だ。朝の寝床の中で、私はいつも厭世的だ。いやになる。いろいろ醜い後悔ばっかり、いちどに、どっとかたまって胸をふさぎ、身悶みもだえしちゃう。
2021-04-14,日記48-1,7,これは48回目のテストデータである。あさ、眼をさますときの気持は、面白い。かくれんぼのとき、押入れの真っ暗い中に、じっと、しゃがんで隠れていて、突然、でこちゃんに、がらっと襖ふすまをあけられ、日の光がどっと来て、でこちゃんに、「見つけた！」と大声で言われて、まぶしさ、それから、へんな間の悪さ、それから、胸がどきどきして、着物のまえを合せたりして、ちょっと、てれくさく、押入れから出て来て、急にむかむか腹立たしく、あの感じ、いや、ちがう、あの感じでもない、なんだか、もっとやりきれない。箱をあけると、その中に、また小さい箱があって、その小さい箱をあけると、またその中に、もっと小さい箱があって、そいつをあけると、また、また、小さい箱があって、その小さい箱をあけると、また箱があって、そうして、七つも、八つも、あけていって、とうとうおしまいに、さいころくらいの小さい箱が出て来て、そいつをそっとあけてみて、何もない、からっぽ、あの感じ、少し近い。パチッと眼がさめるなんて、あれは嘘だ。濁って濁って、そのうちに、だんだん澱粉でんぷんが下に沈み、少しずつ上澄うわずみが出来て、やっと疲れて眼がさめる。朝は、なんだか、しらじらしい。悲しいことが、たくさんたくさん胸に浮かんで、やりきれない。いやだ。いやだ。朝の私は一ばん醜みにくい。両方の脚が、くたくたに疲れて、そうして、もう、何もしたくない。熟睡していないせいかしら。朝は健康だなんて、あれは嘘。朝は灰色。いつもいつも同じ。一ばん虚無だ。朝の寝床の中で、私はいつも厭世的だ。いやになる。いろいろ醜い後悔ばっかり、いちどに、どっとかたまって胸をふさぎ、身悶みもだえしちゃう。
2021-04-13,日記49-1,7,これは49回目のテストデータである。あさ、眼をさますときの気持は、面白い。かくれんぼのとき、押入れの真っ暗い中に、じっと、しゃがんで隠れていて、突然、でこちゃんに、がらっと襖ふすまをあけられ、日の光がどっと来て、でこちゃんに、「見つけた！」と大声で言われて、まぶしさ、それから、へんな間の悪さ、それから、胸がどきどきして、着物のまえを合せたりして、ちょっと、てれくさく、押入れから出て来て、急にむかむか腹立たしく、あの感じ、いや、ちがう、あの感じでもない、なんだか、もっとやりきれない。箱をあけると、その中に、また小さい箱があって、その小さい箱をあけると、またその中に、もっと小さい箱があって、そいつをあけると、また、また、小さい箱があって、その小さい箱をあけると、また箱があって、そうして、七つも、八つも、あけていって、とうとうおしまいに、さいころくらいの小さい箱が出て来て、そいつをそっとあけてみて、何もない、からっぽ、あの感じ、少し近い。パチッと眼がさめるなんて、あれは嘘だ。濁って濁って、そのうちに、だんだん澱粉でんぷんが下に沈み、少しずつ上澄うわずみが出来て、やっと疲れて眼がさめる。朝は、なんだか、しらじらしい。悲しいことが、たくさんたくさん胸に浮かんで、やりきれない。いやだ。いやだ。朝の私は一ばん醜みにくい。両方の脚が、くたくたに疲れて、そうして、もう、何もしたくない。熟睡していないせいかしら。朝は健康だなんて、あれは嘘。朝は灰色。いつもいつも同じ。一ばん虚無だ。朝の寝床の中で、私はいつも厭世的だ。いやになる。いろいろ醜い後悔ばっかり、いちどに、どっとかたまって胸をふさぎ、身悶みもだえしちゃう。
2021-04-12,日記50-1,7,これは50回目のテストデータである。あさ、眼をさますときの気持は、面白い。かくれんぼのとき、押入れの真っ暗い中に、じっと、しゃがんで隠れていて、突然、でこちゃんに、がらっと襖ふすまをあけられ、日の光がどっと来て、でこちゃんに、「見つけた！」と大声で言われて、まぶしさ、それから、へんな間の悪さ、それから、胸がどきどきして、着物のまえを合せたりして、ちょっと、てれくさく、押入れから出て来て、急にむかむか腹立たしく、あの感じ、いや、ちがう、あの感じでもない、なんだか、もっとやりきれない。箱をあけると、その中に、また小さい箱があって、その小さい箱をあけると、またその中に、もっと小さい箱があって、そいつをあけると、また、また、小さい箱があって、その小さい箱をあけると、また箱があって、そうして、七つも、八つも、あけていって、とうとうおしまいに、さいころくらいの小さい箱が出て来て、そいつをそっとあけてみて、何もない、からっぽ、あの感じ、少し近い。パチッと眼がさめるなんて、あれは嘘だ。濁って濁って、そのうちに、だんだん澱粉でんぷんが下に沈み、少しずつ上澄うわずみが出来て、やっと疲れて眼がさめる。朝は、なんだか、しらじらしい。悲しいことが、たくさんたくさん胸に浮かんで、やりきれない。いやだ。いやだ。朝の私は一ばん醜みにくい。両方の脚が、くたくたに疲れて、そうして、もう、何もしたくない。熟睡していないせいかしら。朝は健康だなんて、あれは嘘。朝は灰色。いつもいつも同じ。一ばん虚無だ。朝の寝床の中で、私はいつも厭世的だ。いやになる。いろいろ醜い後悔ばっかり、いちどに、どっとかたまって胸をふさぎ、身悶みもだえしちゃう。
2021-04-11,日記51-1,7,これは51回目のテストデータである。あさ、眼をさますときの気持は、面白い。かくれんぼのとき、押入れの真っ暗い中に、じっと、しゃがんで隠れていて、突然、でこちゃんに、がらっと襖ふすまをあけられ、日の光がどっと来て、でこちゃんに、「見つけた！」と大声で言われて、まぶしさ、それから、へんな間の悪さ、それから、胸がどきどきして、着物のまえを合せたりして、ちょっと、てれくさく、押入れから出て来て、急にむかむか腹立たしく、あの感じ、いや、ちがう、あの感じでもない、なんだか、もっとやりきれない。箱をあけると、その中に、また小さい箱があって、その小さい箱をあけると、またその中に、もっと小さい箱があって、そいつをあけると、また、また、小さい箱があって、その小さい箱をあけると、また箱があって、そうして、七つも、八つも、あけていって、とうとうおしまいに、さいころくらいの小さい箱が出て来て、そいつをそっとあけてみて、何もない、からっぽ、あの感じ、少し近い。パチッと眼がさめるなんて、あれは嘘だ。濁って濁って、そのうちに、だんだん澱粉でんぷんが下に沈み、少しずつ上澄うわずみが出来て、やっと疲れて眼がさめる。朝は、なんだか、しらじらしい。悲しいことが、たくさんたくさん胸に浮かんで、やりきれない。いやだ。いやだ。朝の私は一ばん醜みにくい。両方の脚が、くたくたに疲れて、そうして、もう、何もしたくない。熟睡していないせいかしら。朝は健康だなんて、あれは嘘。朝は灰色。いつもいつも同じ。一ばん虚無だ。朝の寝床の中で、私はいつも厭世的だ。いやになる。いろいろ醜い後悔ばっかり、いちどに、どっとかたまって胸をふさぎ、身悶みもだえしちゃう。
2021-04-10,日記52-1,7,これは52回目のテストデータである。あさ、眼をさますときの気持は、面白い。かくれんぼのとき、押入れの真っ暗い中に、じっと、しゃがんで隠れていて、突然、でこちゃんに、がらっと襖ふすまをあけられ、日の光がどっと来て、でこちゃんに、「見つけた！」と大声で言われて、まぶしさ、それから、へんな間の悪さ、それから、胸がどきどきして、着物のまえを合せたりして、ちょっと、てれくさく、押入れから出て来て、急にむかむか腹立たしく、あの感じ、いや、ちがう、あの感じでもない、なんだか、もっとやりきれない。箱をあけると、その中に、また小さい箱があって、その小さい箱をあけると、またその中に、もっと小さい箱があって、そいつをあけると、また、また、小さい箱があって、その小さい箱をあけると、また箱があって、そうして、七つも、八つも、あけていって、とうとうおしまいに、さいころくらいの小さい箱が出て来て、そいつをそっとあけてみて、何もない、からっぽ、あの感じ、少し近い。パチッと眼がさめるなんて、あれは嘘だ。濁って濁って、そのうちに、だんだん澱粉でんぷんが下に沈み、少しずつ上澄うわずみが出来て、やっと疲れて眼がさめる。朝は、なんだか、しらじらしい。悲しいことが、たくさんたくさん胸に浮かんで、やりきれない。いやだ。いやだ。朝の私は一ばん醜みにくい。両方の脚が、くたくたに疲れて、そうして、もう、何もしたくない。熟睡していないせいかしら。朝は健康だなんて、あれは嘘。朝は灰色。いつもいつも同じ。一ばん虚無だ。朝の寝床の中で、私はいつも厭世的だ。いやになる。いろいろ醜い後悔ばっかり、いちどに、どっとかたまって胸をふさぎ、身悶みもだえしちゃう。
2021-04-09,日記53-1,7,これは53回目のテストデータである。あさ、眼をさますときの気持は、面白い。かくれんぼのとき、押入れの真っ暗い中に、じっと、しゃがんで隠れていて、突然、でこちゃんに、がらっと襖ふすまをあけられ、日の光がどっと来て、でこちゃんに、「見つけた！」と大声で言われて、まぶしさ、それから、へんな間の悪さ、それから、胸がどきどきして、着物のまえを合せたりして、ちょっと、てれくさく、押入れから出て来て、急にむかむか腹立たしく、あの感じ、いや、ちがう、あの感じでもない、なんだか、もっとやりきれない。箱をあけると、その中に、また小さい箱があって、その小さい箱をあけると、またその中に、もっと小さい箱があって、そいつをあけると、また、また、小さい箱があって、その小さい箱をあけると、また箱があって、そうして、七つも、八つも、あけていって、とうとうおしまいに、さいころくらいの小さい箱が出て来て、そいつをそっとあけてみて、何もない、からっぽ、あの感じ、少し近い。パチッと眼がさめるなんて、あれは嘘だ。濁って濁って、そのうちに、だんだん澱粉でんぷんが下に沈み、少しずつ上澄うわずみが出来て、やっと疲れて眼がさめる。朝は、なんだか、しらじらしい。悲しいことが、たくさんたくさん胸に浮かんで、やりきれない。いやだ。いやだ。朝の私は一ばん醜みにくい。両方の脚が、くたくたに疲れて、そうして、もう、何もしたくない。熟睡していないせいかしら。朝は健康だなんて、あれは嘘。朝は灰色。いつもいつも同じ。一ばん虚無だ。朝の寝床の中で、私はいつも厭世的だ。いやになる。いろいろ醜い後悔ばっかり、いちどに、どっとかたまって胸をふさぎ、身悶みもだえしちゃう。
2021-04-08,日記54-1,7,これは54回目のテストデータである。あさ、眼をさますときの気持は、面白い。かくれんぼのとき、押入れの真っ暗い中に、じっと、しゃがんで隠れていて、突然、でこちゃんに、がらっと襖ふすまをあけられ、日の光がどっと来て、でこちゃんに、「見つけた！」と大声で言われて、まぶしさ、それから、へんな間の悪さ、それから、胸がどきどきして、着物のまえを合せたりして、ちょっと、てれくさく、押入れから出て来て、急にむかむか腹立たしく、あの感じ、いや、ちがう、あの感じでもない、なんだか、もっとやりきれない。箱をあけると、その中に、また小さい箱があって、その小さい箱をあけると、またその中に、もっと小さい箱があって、そいつをあけると、また、また、小さい箱があって、その小さい箱をあけると、また箱があって、そうして、七つも、八つも、あけていって、とうとうおしまいに、さいころくらいの小さい箱が出て来て、そいつをそっとあけてみて、何もない、からっぽ、あの感じ、少し近い。パチッと眼がさめるなんて、あれは嘘だ。濁って濁って、そのうちに、だんだん澱粉でんぷんが下に沈み、少しずつ上澄うわずみが出来て、やっと疲れて眼がさめる。朝は、なんだか、しらじらしい。悲しいことが、たくさんたくさん胸に浮かんで、やりきれない。いやだ。いやだ。朝の私は一ばん醜みにくい。両方の脚が、くたくたに疲れて、そうして、もう、何もしたくない。熟睡していないせいかしら。朝は健康だなんて、あれは嘘。朝は灰色。いつもいつも同じ。一ばん虚無だ。朝の寝床の中で、私はいつも厭世的だ。いやになる。いろいろ醜い後悔ばっかり、いちどに、どっとかたまって胸をふさぎ、身悶みもだえしちゃう。
2021-04-07,日記55-1,7,これは55回目のテストデータである。あさ、眼をさますときの気持は、面白い。かくれんぼのとき、押入れの真っ暗い中に、じっと、しゃがんで隠れていて、突然、でこちゃんに、がらっと襖ふすまをあけられ、日の光がどっと来て、でこちゃんに、「見つけた！」と大声で言われて、まぶしさ、それから、へんな間の悪さ、それから、胸がどきどきして、着物のまえを合せたりして、ちょっと、てれくさく、押入れから出て来て、急にむかむか腹立たしく、あの感じ、いや、ちがう、あの感じでもない、なんだか、もっとやりきれない。箱をあけると、その中に、また小さい箱があって、その小さい箱をあけると、またその中に、もっと小さい箱があって、そいつをあけると、また、また、小さい箱があって、その小さい箱をあけると、また箱があって、そうして、七つも、八つも、あけていって、とうとうおしまいに、さいころくらいの小さい箱が出て来て、そいつをそっとあけてみて、何もない、からっぽ、あの感じ、少し近い。パチッと眼がさめるなんて、あれは嘘だ。濁って濁って、そのうちに、だんだん澱粉でんぷんが下に沈み、少しずつ上澄うわずみが出来て、やっと疲れて眼がさめる。朝は、なんだか、しらじらしい。悲しいことが、たくさんたくさん胸に浮かんで、やりきれない。いやだ。いやだ。朝の私は一ばん醜みにくい。両方の脚が、くたくたに疲れて、そうして、もう、何もしたくない。熟睡していないせいかしら。朝は健康だなんて、あれは嘘。朝は灰色。いつもいつも同じ。一ばん虚無だ。朝の寝床の中で、私はいつも厭世的だ。いやになる。いろいろ醜い後悔ばっかり、いちどに、どっとかたまって胸をふさぎ、身悶みもだえしちゃう。
2021-04-06,日記56-1,7,これは56回目のテストデータである。あさ、眼をさますときの気持は、面白い。かくれんぼのとき、押入れの真っ暗い中に、じっと、しゃがんで隠れていて、突然、でこちゃんに、がらっと襖ふすまをあけられ、日の光がどっと来て、でこちゃんに、「見つけた！」と大声で言われて、まぶしさ、それから、へんな間の悪さ、それから、胸がどきどきして、着物のまえを合せたりして、ちょっと、てれくさく、押入れから出て来て、急にむかむか腹立たしく、あの感じ、いや、ちがう、あの感じでもない、なんだか、もっとやりきれない。箱をあけると、その中に、また小さい箱があって、その小さい箱をあけると、またその中に、もっと小さい箱があって、そいつをあけると、また、また、小さい箱があって、その小さい箱をあけると、また箱があって、そうして、七つも、八つも、あけていって、とうとうおしまいに、さいころくらいの小さい箱が出て来て、そいつをそっとあけてみて、何もない、からっぽ、あの感じ、少し近い。パチッと眼がさめるなんて、あれは嘘だ。濁って濁って、そのうちに、だんだん澱粉でんぷんが下に沈み、少しずつ上澄うわずみが出来て、やっと疲れて眼がさめる。朝は、なんだか、しらじらしい。悲しいことが、たくさんたくさん胸に浮かんで、やりきれない。いやだ。いやだ。朝の私は一ばん醜みにくい。両方の脚が、くたくたに疲れて、そうして、もう、何もしたくない。熟睡していないせいかしら。朝は健康だなんて、あれは嘘。朝は灰色。いつもいつも同じ。一ばん虚無だ。朝の寝床の中で、私はいつも厭世的だ。いやになる。いろいろ醜い後悔ばっかり、いちどに、どっとかたまって胸をふさぎ、身悶みもだえしちゃう。
2021-04-05,日記57-1,7,これは57回目のテストデータである。あさ、眼をさますときの気持は、面白い。かくれんぼのとき、押入れの真っ暗い中に、じっと、しゃがんで隠れていて、突然、でこちゃんに、がらっと襖ふすまをあけられ、日の光がどっと来て、でこちゃんに、「見つけた！」と大声で言われて、まぶしさ、それから、へんな間の悪さ、それから、胸がどきどきして、着物のまえを合せたりして、ちょっと、てれくさく、押入れから出て来て、急にむかむか腹立たしく、あの感じ、いや、ちがう、あの感じでもない、なんだか、もっとやりきれない。箱をあけると、その中に、また小さい箱があって、その小さい箱をあけると、またその中に、もっと小さい箱があって、そいつをあけると、また、また、小さい箱があって、その小さい箱をあけると、また箱があって、そうして、七つも、八つも、あけていって、とうとうおしまいに、さいころくらいの小さい箱が出て来て、そいつをそっとあけてみて、何もない、からっぽ、あの感じ、少し近い。パチッと眼がさめるなんて、あれは嘘だ。濁って濁って、そのうちに、だんだん澱粉でんぷんが下に沈み、少しずつ上澄うわずみが出来て、やっと疲れて眼がさめる。朝は、なんだか、しらじらしい。悲しいことが、たくさんたくさん胸に浮かんで、やりきれない。いやだ。いやだ。朝の私は一ばん醜みにくい。両方の脚が、くたくたに疲れて、そうして、もう、何もしたくない。熟睡していないせいかしら。朝は健康だなんて、あれは嘘。朝は灰色。いつもいつも同じ。一ばん虚無だ。朝の寝床の中で、私はいつも厭世的だ。いやになる。いろいろ醜い後悔ばっかり、いちどに、どっとかたまって胸をふさぎ、身悶みもだえしちゃう。
2021-04-04,日記58-1,7,これは58回目のテストデータである。あさ、眼をさますときの気持は、面白い。かくれんぼのとき、押入れの真っ暗い中に、じっと、しゃがんで隠れていて、突然、でこちゃんに、がらっと襖ふすまをあけられ、日の光がどっと来て、でこちゃんに、「見つけた！」と大声で言われて、まぶしさ、それから、へんな間の悪さ、それから、胸がどきどきして、着物のまえを合せたりして、ちょっと、てれくさく、押入れから出て来て、急にむかむか腹立たしく、あの感じ、いや、ちがう、あの感じでもない、なんだか、もっとやりきれない。箱をあけると、その中に、また小さい箱があって、その小さい箱をあけると、またその中に、もっと小さい箱があって、そいつをあけると、また、また、小さい箱があって、その小さい箱をあけると、また箱があって、そうして、七つも、八つも、あけていって、とうとうおしまいに、さいころくらいの小さい箱が出て来て、そいつをそっとあけてみて、何もない、からっぽ、あの感じ、少し近い。パチッと眼がさめるなんて、あれは嘘だ。濁って濁って、そのうちに、だんだん澱粉でんぷんが下に沈み、少しずつ上澄うわずみが出来て、やっと疲れて眼がさめる。朝は、なんだか、しらじらしい。悲しいことが、たくさんたくさん胸に浮かんで、やりきれない。いやだ。いやだ。朝の私は一ばん醜みにくい。両方の脚が、くたくたに疲れて、そうして、もう、何もしたくない。熟睡していないせいかしら。朝は健康だなんて、あれは嘘。朝は灰色。いつもいつも同じ。一ばん虚無だ。朝の寝床の中で、私はいつも厭世的だ。いやになる。いろいろ醜い後悔ばっかり、いちどに、どっとかたまって胸をふさぎ、身悶みもだえしちゃう。
2021-04-03,日記59-1,7,これは59回目のテストデータである。あさ、眼をさますときの気持は、面白い。かくれんぼのとき、押入れの真っ暗い中に、じっと、しゃがんで隠れていて、突然、でこちゃんに、がらっと襖ふすまをあけられ、日の光がどっと来て、でこちゃんに、「見つけた！」と大声で言われて、まぶしさ、それから、へんな間の悪さ、それから、胸がどきどきして、着物のまえを合せたりして、ちょっと、てれくさく、押入れから出て来て、急にむかむか腹立たしく、あの感じ、いや、ちがう、あの感じでもない、なんだか、もっとやりきれない。箱をあけると、その中に、また小さい箱があって、その小さい箱をあけると、またその中に、もっと小さい箱があって、そいつをあけると、また、また、小さい箱があって、その小さい箱をあけると、また箱があって、そうして、七つも、八つも、あけていって、とうとうおしまいに、さいころくらいの小さい箱が出て来て、そいつをそっとあけてみて、何もない、からっぽ、あの感じ、少し近い。パチッと眼がさめるなんて、あれは嘘だ。濁って濁って、そのうちに、だんだん澱粉でんぷんが下に沈み、少しずつ上澄うわずみが出来て、やっと疲れて眼がさめる。朝は、なんだか、しらじらしい。悲しいことが、たくさんたくさん胸に浮かんで、やりきれない。いやだ。いやだ。朝の私は一ばん醜みにくい。両方の脚が、くたくたに疲れて、そうして、もう、何もしたくない。熟睡していないせいかしら。朝は健康だなんて、あれは嘘。朝は灰色。いつもいつも同じ。一ばん虚無だ。朝の寝床の中で、私はいつも厭世的だ。いやになる。いろいろ醜い後悔ばっかり、いちどに、どっとかたまって胸をふさぎ、身悶みもだえしちゃう。
2021-04-02,日記60-1,7,これは60回目のテストデータである。あさ、眼をさますときの気持は、面白い。かくれんぼのとき、押入れの真っ暗い中に、じっと、しゃがんで隠れていて、突然、でこちゃんに、がらっと襖ふすまをあけられ、日の光がどっと来て、でこちゃんに、「見つけた！」と大声で言われて、まぶしさ、それから、へんな間の悪さ、それから、胸がどきどきして、着物のまえを合せたりして、ちょっと、てれくさく、押入れから出て来て、急にむかむか腹立たしく、あの感じ、いや、ちがう、あの感じでもない、なんだか、もっとやりきれない。箱をあけると、その中に、また小さい箱があって、その小さい箱をあけると、またその中に、もっと小さい箱があって、そいつをあけると、また、また、小さい箱があって、その小さい箱をあけると、また箱があって、そうして、七つも、八つも、あけていって、とうとうおしまいに、さいころくらいの小さい箱が出て来て、そいつをそっとあけてみて、何もない、からっぽ、あの感じ、少し近い。パチッと眼がさめるなんて、あれは嘘だ。濁って濁って、そのうちに、だんだん澱粉でんぷんが下に沈み、少しずつ上澄うわずみが出来て、やっと疲れて眼がさめる。朝は、なんだか、しらじらしい。悲しいことが、たくさんたくさん胸に浮かんで、やりきれない。いやだ。いやだ。朝の私は一ばん醜みにくい。両方の脚が、くたくたに疲れて、そうして、もう、何もしたくない。熟睡していないせいかしら。朝は健康だなんて、あれは嘘。朝は灰色。いつもいつも同じ。一ばん虚無だ。朝の寝床の中で、私はいつも厭世的だ。いやになる。いろいろ醜い後悔ばっかり、いちどに、どっとかたまって胸をふさぎ、身悶みもだえしちゃう。
2021-04-01,日記61-1,7,これは61回目のテストデータである。あさ、眼をさますときの気持は、面白い。かくれんぼのとき、押入れの真っ暗い中に、じっと、しゃがんで隠れていて、突然、でこちゃんに、がらっと襖ふすまをあけられ、日の光がどっと来て、でこちゃんに、「見つけた！」と大声で言われて、まぶしさ、それから、へんな間の悪さ、それから、胸がどきどきして、着物のまえを合せたりして、ちょっと、てれくさく、押入れから出て来て、急にむかむか腹立たしく、あの感じ、いや、ちがう、あの感じでもない、なんだか、もっとやりきれない。箱をあけると、その中に、また小さい箱があって、その小さい箱をあけると、またその中に、もっと小さい箱があって、そいつをあけると、また、また、小さい箱があって、その小さい箱をあけると、また箱があって、そうして、七つも、八つも、あけていって、とうとうおしまいに、さいころくらいの小さい箱が出て来て、そいつをそっとあけてみて、何もない、からっぽ、あの感じ、少し近い。パチッと眼がさめるなんて、あれは嘘だ。濁って濁って、そのうちに、だんだん澱粉でんぷんが下に沈み、少しずつ上澄うわずみが出来て、やっと疲れて眼がさめる。朝は、なんだか、しらじらしい。悲しいことが、たくさんたくさん胸に浮かんで、やりきれない。いやだ。いやだ。朝の私は一ばん醜みにくい。両方の脚が、くたくたに疲れて、そうして、もう、何もしたくない。熟睡していないせいかしら。朝は健康だなんて、あれは嘘。朝は灰色。いつもいつも同じ。一ばん虚無だ。朝の寝床の中で、私はいつも厭世的だ。いやになる。いろいろ醜い後悔ばっかり、いちどに、どっとかたまって胸をふさぎ、身悶みもだえしちゃう。
2021-03-31,日記62-1,7,これは62回目のテストデータである。あさ、眼をさますときの気持は、面白い。かくれんぼのとき、押入れの真っ暗い中に、じっと、しゃがんで隠れていて、突然、でこちゃんに、がらっと襖ふすまをあけられ、日の光がどっと来て、でこちゃんに、「見つけた！」と大声で言われて、まぶしさ、それから、へんな間の悪さ、それから、胸がどきどきして、着物のまえを合せたりして、ちょっと、てれくさく、押入れから出て来て、急にむかむか腹立たしく、あの感じ、いや、ちがう、あの感じでもない、なんだか、もっとやりきれない。箱をあけると、その中に、また小さい箱があって、その小さい箱をあけると、またその中に、もっと小さい箱があって、そいつをあけると、また、また、小さい箱があって、その小さい箱をあけると、また箱があって、そうして、七つも、八つも、あけていって、とうとうおしまいに、さいころくらいの小さい箱が出て来て、そいつをそっとあけてみて、何もない、からっぽ、あの感じ、少し近い。パチッと眼がさめるなんて、あれは嘘だ。濁って濁って、そのうちに、だんだん澱粉でんぷんが下に沈み、少しずつ上澄うわずみが出来て、やっと疲れて眼がさめる。朝は、なんだか、しらじらしい。悲しいことが、たくさんたくさん胸に浮かんで、やりきれない。いやだ。いやだ。朝の私は一ばん醜みにくい。両方の脚が、くたくたに疲れて、そうして、もう、何もしたくない。熟睡していないせいかしら。朝は健康だなんて、あれは嘘。朝は灰色。いつもいつも同じ。一ばん虚無だ。朝の寝床の中で、私はいつも厭世的だ。いやになる。いろいろ醜い後悔ばっかり、いちどに、どっとかたまって胸をふさぎ、身悶みもだえしちゃう。
2021-03-30,日記63-1,7,これは63回目のテストデータである。あさ、眼をさますときの気持は、面白い。かくれんぼのとき、押入れの真っ暗い中に、じっと、しゃがんで隠れていて、突然、でこちゃんに、がらっと襖ふすまをあけられ、日の光がどっと来て、でこちゃんに、「見つけた！」と大声で言われて、まぶしさ、それから、へんな間の悪さ、それから、胸がどきどきして、着物のまえを合せたりして、ちょっと、てれくさく、押入れから出て来て、急にむかむか腹立たしく、あの感じ、いや、ちがう、あの感じでもない、なんだか、もっとやりきれない。箱をあけると、その中に、また小さい箱があって、その小さい箱をあけると、またその中に、もっと小さい箱があって、そいつをあけると、また、また、小さい箱があって、その小さい箱をあけると、また箱があって、そうして、七つも、八つも、あけていって、とうとうおしまいに、さいころくらいの小さい箱が出て来て、そいつをそっとあけてみて、何もない、からっぽ、あの感じ、少し近い。パチッと眼がさめるなんて、あれは嘘だ。濁って濁って、そのうちに、だんだん澱粉でんぷんが下に沈み、少しずつ上澄うわずみが出来て、やっと疲れて眼がさめる。朝は、なんだか、しらじらしい。悲しいことが、たくさんたくさん胸に浮かんで、やりきれない。いやだ。いやだ。朝の私は一ばん醜みにくい。両方の脚が、くたくたに疲れて、そうして、もう、何もしたくない。熟睡していないせいかしら。朝は健康だなんて、あれは嘘。朝は灰色。いつもいつも同じ。一ばん虚無だ。朝の寝床の中で、私はいつも厭世的だ。いやになる。いろいろ醜い後悔ばっかり、いちどに、どっとかたまって胸をふさぎ、身悶みもだえしちゃう。
2021-03-29,日記64-1,7,これは64回目のテストデータである。あさ、眼をさますときの気持は、面白い。かくれんぼのとき、押入れの真っ暗い中に、じっと、しゃがんで隠れていて、突然、でこちゃんに、がらっと襖ふすまをあけられ、日の光がどっと来て、でこちゃんに、「見つけた！」と大声で言われて、まぶしさ、それから、へんな間の悪さ、それから、胸がどきどきして、着物のまえを合せたりして、ちょっと、てれくさく、押入れから出て来て、急にむかむか腹立たしく、あの感じ、いや、ちがう、あの感じでもない、なんだか、もっとやりきれない。箱をあけると、その中に、また小さい箱があって、その小さい箱をあけると、またその中に、もっと小さい箱があって、そいつをあけると、また、また、小さい箱があって、その小さい箱をあけると、また箱があって、そうして、七つも、八つも、あけていって、とうとうおしまいに、さいころくらいの小さい箱が出て来て、そいつをそっとあけてみて、何もない、からっぽ、あの感じ、少し近い。パチッと眼がさめるなんて、あれは嘘だ。濁って濁って、そのうちに、だんだん澱粉でんぷんが下に沈み、少しずつ上澄うわずみが出来て、やっと疲れて眼がさめる。朝は、なんだか、しらじらしい。悲しいことが、たくさんたくさん胸に浮かんで、やりきれない。いやだ。いやだ。朝の私は一ばん醜みにくい。両方の脚が、くたくたに疲れて、そうして、もう、何もしたくない。熟睡していないせいかしら。朝は健康だなんて、あれは嘘。朝は灰色。いつもいつも同じ。一ばん虚無だ。朝の寝床の中で、私はいつも厭世的だ。いやになる。いろいろ醜い後悔ばっかり、いちどに、どっとかたまって胸をふさぎ、身悶みもだえしちゃう。
2021-03-28,日記65-1,7,これは65回目のテストデータである。あさ、眼をさますときの気持は、面白い。かくれんぼのとき、押入れの真っ暗い中に、じっと、しゃがんで隠れていて、突然、でこちゃんに、がらっと襖ふすまをあけられ、日の光がどっと来て、でこちゃんに、「見つけた！」と大声で言われて、まぶしさ、それから、へんな間の悪さ、それから、胸がどきどきして、着物のまえを合せたりして、ちょっと、てれくさく、押入れから出て来て、急にむかむか腹立たしく、あの感じ、いや、ちがう、あの感じでもない、なんだか、もっとやりきれない。箱をあけると、その中に、また小さい箱があって、その小さい箱をあけると、またその中に、もっと小さい箱があって、そいつをあけると、また、また、小さい箱があって、その小さい箱をあけると、また箱があって、そうして、七つも、八つも、あけていって、とうとうおしまいに、さいころくらいの小さい箱が出て来て、そいつをそっとあけてみて、何もない、からっぽ、あの感じ、少し近い。パチッと眼がさめるなんて、あれは嘘だ。濁って濁って、そのうちに、だんだん澱粉でんぷんが下に沈み、少しずつ上澄うわずみが出来て、やっと疲れて眼がさめる。朝は、なんだか、しらじらしい。悲しいことが、たくさんたくさん胸に浮かんで、やりきれない。いやだ。いやだ。朝の私は一ばん醜みにくい。両方の脚が、くたくたに疲れて、そうして、もう、何もしたくない。熟睡していないせいかしら。朝は健康だなんて、あれは嘘。朝は灰色。いつもいつも同じ。一ばん虚無だ。朝の寝床の中で、私はいつも厭世的だ。いやになる。いろいろ醜い後悔ばっかり、いちどに、どっとかたまって胸をふさぎ、身悶みもだえしちゃう。
2021-03-27,日記66-1,7,これは66回目のテストデータである。あさ、眼をさますときの気持は、面白い。かくれんぼのとき、押入れの真っ暗い中に、じっと、しゃがんで隠れていて、突然、でこちゃんに、がらっと襖ふすまをあけられ、日の光がどっと来て、でこちゃんに、「見つけた！」と大声で言われて、まぶしさ、それから、へんな間の悪さ、それから、胸がどきどきして、着物のまえを合せたりして、ちょっと、てれくさく、押入れから出て来て、急にむかむか腹立たしく、あの感じ、いや、ちがう、あの感じでもない、なんだか、もっとやりきれない。箱をあけると、その中に、また小さい箱があって、その小さい箱をあけると、またその中に、もっと小さい箱があって、そいつをあけると、また、また、小さい箱があって、その小さい箱をあけると、また箱があって、そうして、七つも、八つも、あけていって、とうとうおしまいに、さいころくらいの小さい箱が出て来て、そいつをそっとあけてみて、何もない、からっぽ、あの感じ、少し近い。パチッと眼がさめるなんて、あれは嘘だ。濁って濁って、そのうちに、だんだん澱粉でんぷんが下に沈み、少しずつ上澄うわずみが出来て、やっと疲れて眼がさめる。朝は、なんだか、しらじらしい。悲しいことが、たくさんたくさん胸に浮かんで、やりきれない。いやだ。いやだ。朝の私は一ばん醜みにくい。両方の脚が、くたくたに疲れて、そうして、もう、何もしたくない。熟睡していないせいかしら。朝は健康だなんて、あれは嘘。朝は灰色。いつもいつも同じ。一ばん虚無だ。朝の寝床の中で、私はいつも厭世的だ。いやになる。いろいろ醜い後悔ばっかり、いちどに、どっとかたまって胸をふさぎ、身悶みもだえしちゃう。
2021-03-26,日記67-1,7,これは67回目のテストデータである。あさ、眼をさますときの気持は、面白い。かくれんぼのとき、押入れの真っ暗い中に、じっと、しゃがんで隠れていて、突然、でこちゃんに、がらっと襖ふすまをあけられ、日の光がどっと来て、でこちゃんに、「見つけた！」と大声で言われて、まぶしさ、それから、へんな間の悪さ、それから、胸がどきどきして、着物のまえを合せたりして、ちょっと、てれくさく、押入れから出て来て、急にむかむか腹立たしく、あの感じ、いや、ちがう、あの感じでもない、なんだか、もっとやりきれない。箱をあけると、その中に、また小さい箱があって、その小さい箱をあけると、またその中に、もっと小さい箱があって、そいつをあけると、また、また、小さい箱があって、その小さい箱をあけると、また箱があって、そうして、七つも、八つも、あけていって、とうとうおしまいに、さいころくらいの小さい箱が出て来て、そいつをそっとあけてみて、何もない、からっぽ、あの感じ、少し近い。パチッと眼がさめるなんて、あれは嘘だ。濁って濁って、そのうちに、だんだん澱粉でんぷんが下に沈み、少しずつ上澄うわずみが出来て、やっと疲れて眼がさめる。朝は、なんだか、しらじらしい。悲しいことが、たくさんたくさん胸に浮かんで、やりきれない。いやだ。いやだ。朝の私は一ばん醜みにくい。両方の脚が、くたくたに疲れて、そうして、もう、何もしたくない。熟睡していないせいかしら。朝は健康だなんて、あれは嘘。朝は灰色。いつもいつも同じ。一ばん虚無だ。朝の寝床の中で、私はいつも厭世的だ。いやになる。いろいろ醜い後悔ばっかり、いちどに、どっとかたまって胸をふさぎ、身悶みもだえしちゃう。
2021-03-25,日記68-1,7,これは68回目のテストデータである。あさ、眼をさますときの気持は、面白い。かくれんぼのとき、押入れの真っ暗い中に、じっと、しゃがんで隠れていて、突然、でこちゃんに、がらっと襖ふすまをあけられ、日の光がどっと来て、でこちゃんに、「見つけた！」と大声で言われて、まぶしさ、それから、へんな間の悪さ、それから、胸がどきどきして、着物のまえを合せたりして、ちょっと、てれくさく、押入れから出て来て、急にむかむか腹立たしく、あの感じ、いや、ちがう、あの感じでもない、なんだか、もっとやりきれない。箱をあけると、その中に、また小さい箱があって、その小さい箱をあけると、またその中に、もっと小さい箱があって、そいつをあけると、また、また、小さい箱があって、その小さい箱をあけると、また箱があって、そうして、七つも、八つも、あけていって、とうとうおしまいに、さいころくらいの小さい箱が出て来て、そいつをそっとあけてみて、何もない、からっぽ、あの感じ、少し近い。パチッと眼がさめるなんて、あれは嘘だ。濁って濁って、そのうちに、だんだん澱粉でんぷんが下に沈み、少しずつ上澄うわずみが出来て、やっと疲れて眼がさめる。朝は、なんだか、しらじらしい。悲しいことが、たくさんたくさん胸に浮かんで、やりきれない。いやだ。いやだ。朝の私は一ばん醜みにくい。両方の脚が、くたくたに疲れて、そうして、もう、何もしたくない。熟睡していないせいかしら。朝は健康だなんて、あれは嘘。朝は灰色。いつもいつも同じ。一ばん虚無だ。朝の寝床の中で、私はいつも厭世的だ。いやになる。いろいろ醜い後悔ばっかり、いちどに、どっとかたまって胸をふさぎ、身悶みもだえしちゃう。
2021-03-24,日記69-1,7,これは69回目のテストデータである。あさ、眼をさますときの気持は、面白い。かくれんぼのとき、押入れの真っ暗い中に、じっと、しゃがんで隠れていて、突然、でこちゃんに、がらっと襖ふすまをあけられ、日の光がどっと来て、でこちゃんに、「見つけた！」と大声で言われて、まぶしさ、それから、へんな間の悪さ、それから、胸がどきどきして、着物のまえを合せたりして、ちょっと、てれくさく、押入れから出て来て、急にむかむか腹立たしく、あの感じ、いや、ちがう、あの感じでもない、なんだか、もっとやりきれない。箱をあけると、その中に、また小さい箱があって、その小さい箱をあけると、またその中に、もっと小さい箱があって、そいつをあけると、また、また、小さい箱があって、その小さい箱をあけると、また箱があって、そうして、七つも、八つも、あけていって、とうとうおしまいに、さいころくらいの小さい箱が出て来て、そいつをそっとあけてみて、何もない、からっぽ、あの感じ、少し近い。パチッと眼がさめるなんて、あれは嘘だ。濁って濁って、そのうちに、だんだん澱粉でんぷんが下に沈み、少しずつ上澄うわずみが出来て、やっと疲れて眼がさめる。朝は、なんだか、しらじらしい。悲しいことが、たくさんたくさん胸に浮かんで、やりきれない。いやだ。いやだ。朝の私は一ばん醜みにくい。両方の脚が、くたくたに疲れて、そうして、もう、何もしたくない。熟睡していないせいかしら。朝は健康だなんて、あれは嘘。朝は灰色。いつもいつも同じ。一ばん虚無だ。朝の寝床の中で、私はいつも厭世的だ。いやになる。いろいろ醜い後悔ばっかり、いちどに、どっとかたまって胸をふさぎ、身悶みもだえしちゃう。
2021-03-23,日記70-1,7,これは70回目のテストデータである。あさ、眼をさますときの気持は、面白い。かくれんぼのとき、押入れの真っ暗い中に、じっと、しゃがんで隠れていて、突然、でこちゃんに、がらっと襖ふすまをあけられ、日の光がどっと来て、でこちゃんに、「見つけた！」と大声で言われて、まぶしさ、それから、へんな間の悪さ、それから、胸がどきどきして、着物のまえを合せたりして、ちょっと、てれくさく、押入れから出て来て、急にむかむか腹立たしく、あの感じ、いや、ちがう、あの感じでもない、なんだか、もっとやりきれない。箱をあけると、その中に、また小さい箱があって、その小さい箱をあけると、またその中に、もっと小さい箱があって、そいつをあけると、また、また、小さい箱があって、その小さい箱をあけると、また箱があって、そうして、七つも、八つも、あけていって、とうとうおしまいに、さいころくらいの小さい箱が出て来て、そいつをそっとあけてみて、何もない、からっぽ、あの感じ、少し近い。パチッと眼がさめるなんて、あれは嘘だ。濁って濁って、そのうちに、だんだん澱粉でんぷんが下に沈み、少しずつ上澄うわずみが出来て、やっと疲れて眼がさめる。朝は、なんだか、しらじらしい。悲しいことが、たくさんたくさん胸に浮かんで、やりきれない。いやだ。いやだ。朝の私は一ばん醜みにくい。両方の脚が、くたくたに疲れて、そうして、もう、何もしたくない。熟睡していないせいかしら。朝は健康だなんて、あれは嘘。朝は灰色。いつもいつも同じ。一ばん虚無だ。朝の寝床の中で、私はいつも厭世的だ。いやになる。いろいろ醜い後悔ばっかり、いちどに、どっとかたまって胸をふさぎ、身悶みもだえしちゃう。
2021-03-22,日記71-1,7,これは71回目のテストデータである。あさ、眼をさますときの気持は、面白い。かくれんぼのとき、押入れの真っ暗い中に、じっと、しゃがんで隠れていて、突然、でこちゃんに、がらっと襖ふすまをあけられ、日の光がどっと来て、でこちゃんに、「見つけた！」と大声で言われて、まぶしさ、それから、へんな間の悪さ、それから、胸がどきどきして、着物のまえを合せたりして、ちょっと、てれくさく、押入れから出て来て、急にむかむか腹立たしく、あの感じ、いや、ちがう、あの感じでもない、なんだか、もっとやりきれない。箱をあけると、その中に、また小さい箱があって、その小さい箱をあけると、またその中に、もっと小さい箱があって、そいつをあけると、また、また、小さい箱があって、その小さい箱をあけると、また箱があって、そうして、七つも、八つも、あけていって、とうとうおしまいに、さいころくらいの小さい箱が出て来て、そいつをそっとあけてみて、何もない、からっぽ、あの感じ、少し近い。パチッと眼がさめるなんて、あれは嘘だ。濁って濁って、そのうちに、だんだん澱粉でんぷんが下に沈み、少しずつ上澄うわずみが出来て、やっと疲れて眼がさめる。朝は、なんだか、しらじらしい。悲しいことが、たくさんたくさん胸に浮かんで、やりきれない。いやだ。いやだ。朝の私は一ばん醜みにくい。両方の脚が、くたくたに疲れて、そうして、もう、何もしたくない。熟睡していないせいかしら。朝は健康だなんて、あれは嘘。朝は灰色。いつもいつも同じ。一ばん虚無だ。朝の寝床の中で、私はいつも厭世的だ。いやになる。いろいろ醜い後悔ばっかり、いちどに、どっとかたまって胸をふさぎ、身悶みもだえしちゃう。
2021-03-21,日記72-1,7,これは72回目のテストデータである。あさ、眼をさますときの気持は、面白い。かくれんぼのとき、押入れの真っ暗い中に、じっと、しゃがんで隠れていて、突然、でこちゃんに、がらっと襖ふすまをあけられ、日の光がどっと来て、でこちゃんに、「見つけた！」と大声で言われて、まぶしさ、それから、へんな間の悪さ、それから、胸がどきどきして、着物のまえを合せたりして、ちょっと、てれくさく、押入れから出て来て、急にむかむか腹立たしく、あの感じ、いや、ちがう、あの感じでもない、なんだか、もっとやりきれない。箱をあけると、その中に、また小さい箱があって、その小さい箱をあけると、またその中に、もっと小さい箱があって、そいつをあけると、また、また、小さい箱があって、その小さい箱をあけると、また箱があって、そうして、七つも、八つも、あけていって、とうとうおしまいに、さいころくらいの小さい箱が出て来て、そいつをそっとあけてみて、何もない、からっぽ、あの感じ、少し近い。パチッと眼がさめるなんて、あれは嘘だ。濁って濁って、そのうちに、だんだん澱粉でんぷんが下に沈み、少しずつ上澄うわずみが出来て、やっと疲れて眼がさめる。朝は、なんだか、しらじらしい。悲しいことが、たくさんたくさん胸に浮かんで、やりきれない。いやだ。いやだ。朝の私は一ばん醜みにくい。両方の脚が、くたくたに疲れて、そうして、もう、何もしたくない。熟睡していないせいかしら。朝は健康だなんて、あれは嘘。朝は灰色。いつもいつも同じ。一ばん虚無だ。朝の寝床の中で、私はいつも厭世的だ。いやになる。いろいろ醜い後悔ばっかり、いちどに、どっとかたまって胸をふさぎ、身悶みもだえしちゃう。
2021-03-20,日記73-1,7,これは73回目のテストデータである。あさ、眼をさますときの気持は、面白い。かくれんぼのとき、押入れの真っ暗い中に、じっと、しゃがんで隠れていて、突然、でこちゃんに、がらっと襖ふすまをあけられ、日の光がどっと来て、でこちゃんに、「見つけた！」と大声で言われて、まぶしさ、それから、へんな間の悪さ、それから、胸がどきどきして、着物のまえを合せたりして、ちょっと、てれくさく、押入れから出て来て、急にむかむか腹立たしく、あの感じ、いや、ちがう、あの感じでもない、なんだか、もっとやりきれない。箱をあけると、その中に、また小さい箱があって、その小さい箱をあけると、またその中に、もっと小さい箱があって、そいつをあけると、また、また、小さい箱があって、その小さい箱をあけると、また箱があって、そうして、七つも、八つも、あけていって、とうとうおしまいに、さいころくらいの小さい箱が出て来て、そいつをそっとあけてみて、何もない、からっぽ、あの感じ、少し近い。パチッと眼がさめるなんて、あれは嘘だ。濁って濁って、そのうちに、だんだん澱粉でんぷんが下に沈み、少しずつ上澄うわずみが出来て、やっと疲れて眼がさめる。朝は、なんだか、しらじらしい。悲しいことが、たくさんたくさん胸に浮かんで、やりきれない。いやだ。いやだ。朝の私は一ばん醜みにくい。両方の脚が、くたくたに疲れて、そうして、もう、何もしたくない。熟睡していないせいかしら。朝は健康だなんて、あれは嘘。朝は灰色。いつもいつも同じ。一ばん虚無だ。朝の寝床の中で、私はいつも厭世的だ。いやになる。いろいろ醜い後悔ばっかり、いちどに、どっとかたまって胸をふさぎ、身悶みもだえしちゃう。
2021-03-19,日記74-1,7,これは74回目のテストデータである。あさ、眼をさますときの気持は、面白い。かくれんぼのとき、押入れの真っ暗い中に、じっと、しゃがんで隠れていて、突然、でこちゃんに、がらっと襖ふすまをあけられ、日の光がどっと来て、でこちゃんに、「見つけた！」と大声で言われて、まぶしさ、それから、へんな間の悪さ、それから、胸がどきどきして、着物のまえを合せたりして、ちょっと、てれくさく、押入れから出て来て、急にむかむか腹立たしく、あの感じ、いや、ちがう、あの感じでもない、なんだか、もっとやりきれない。箱をあけると、その中に、また小さい箱があって、その小さい箱をあけると、またその中に、もっと小さい箱があって、そいつをあけると、また、また、小さい箱があって、その小さい箱をあけると、また箱があって、そうして、七つも、八つも、あけていって、とうとうおしまいに、さいころくらいの小さい箱が出て来て、そいつをそっとあけてみて、何もない、からっぽ、あの感じ、少し近い。パチッと眼がさめるなんて、あれは嘘だ。濁って濁って、そのうちに、だんだん澱粉でんぷんが下に沈み、少しずつ上澄うわずみが出来て、やっと疲れて眼がさめる。朝は、なんだか、しらじらしい。悲しいことが、たくさんたくさん胸に浮かんで、やりきれない。いやだ。いやだ。朝の私は一ばん醜みにくい。両方の脚が、くたくたに疲れて、そうして、もう、何もしたくない。熟睡していないせいかしら。朝は健康だなんて、あれは嘘。朝は灰色。いつもいつも同じ。一ばん虚無だ。朝の寝床の中で、私はいつも厭世的だ。いやになる。いろいろ醜い後悔ばっかり、いちどに、どっとかたまって胸をふさぎ、身悶みもだえしちゃう。
2021-03-18,日記75-1,7,これは75回目のテストデータである。あさ、眼をさますときの気持は、面白い。かくれんぼのとき、押入れの真っ暗い中に、じっと、しゃがんで隠れていて、突然、でこちゃんに、がらっと襖ふすまをあけられ、日の光がどっと来て、でこちゃんに、「見つけた！」と大声で言われて、まぶしさ、それから、へんな間の悪さ、それから、胸がどきどきして、着物のまえを合せたりして、ちょっと、てれくさく、押入れから出て来て、急にむかむか腹立たしく、あの感じ、いや、ちがう、あの感じでもない、なんだか、もっとやりきれない。箱をあけると、その中に、また小さい箱があって、その小さい箱をあけると、またその中に、もっと小さい箱があって、そいつをあけると、また、また、小さい箱があって、その小さい箱をあけると、また箱があって、そうして、七つも、八つも、あけていって、とうとうおしまいに、さいころくらいの小さい箱が出て来て、そいつをそっとあけてみて、何もない、からっぽ、あの感じ、少し近い。パチッと眼がさめるなんて、あれは嘘だ。濁って濁って、そのうちに、だんだん澱粉でんぷんが下に沈み、少しずつ上澄うわずみが出来て、やっと疲れて眼がさめる。朝は、なんだか、しらじらしい。悲しいことが、たくさんたくさん胸に浮かんで、やりきれない。いやだ。いやだ。朝の私は一ばん醜みにくい。両方の脚が、くたくたに疲れて、そうして、もう、何もしたくない。熟睡していないせいかしら。朝は健康だなんて、あれは嘘。朝は灰色。いつもいつも同じ。一ばん虚無だ。朝の寝床の中で、私はいつも厭世的だ。いやになる。いろいろ醜い後悔ばっかり、いちどに、どっとかたまって胸をふさぎ、身悶みもだえしちゃう。
2021-03-17,日記76-1,7,これは76回目のテストデータである。あさ、眼をさますときの気持は、面白い。かくれんぼのとき、押入れの真っ暗い中に、じっと、しゃがんで隠れていて、突然、でこちゃんに、がらっと襖ふすまをあけられ、日の光がどっと来て、でこちゃんに、「見つけた！」と大声で言われて、まぶしさ、それから、へんな間の悪さ、それから、胸がどきどきして、着物のまえを合せたりして、ちょっと、てれくさく、押入れから出て来て、急にむかむか腹立たしく、あの感じ、いや、ちがう、あの感じでもない、なんだか、もっとやりきれない。箱をあけると、その中に、また小さい箱があって、その小さい箱をあけると、またその中に、もっと小さい箱があって、そいつをあけると、また、また、小さい箱があって、その小さい箱をあけると、また箱があって、そうして、七つも、八つも、あけていって、とうとうおしまいに、さいころくらいの小さい箱が出て来て、そいつをそっとあけてみて、何もない、からっぽ、あの感じ、少し近い。パチッと眼がさめるなんて、あれは嘘だ。濁って濁って、そのうちに、だんだん澱粉でんぷんが下に沈み、少しずつ上澄うわずみが出来て、やっと疲れて眼がさめる。朝は、なんだか、しらじらしい。悲しいことが、たくさんたくさん胸に浮かんで、やりきれない。いやだ。いやだ。朝の私は一ばん醜みにくい。両方の脚が、くたくたに疲れて、そうして、もう、何もしたくない。熟睡していないせいかしら。朝は健康だなんて、あれは嘘。朝は灰色。いつもいつも同じ。一ばん虚無だ。朝の寝床の中で、私はいつも厭世的だ。いやになる。いろいろ醜い後悔ばっかり、いちどに、どっとかたまって胸をふさぎ、身悶みもだえしちゃう。
2021-03-16,日記77-1,7,これは77回目のテストデータである。あさ、眼をさますときの気持は、面白い。かくれんぼのとき、押入れの真っ暗い中に、じっと、しゃがんで隠れていて、突然、でこちゃんに、がらっと襖ふすまをあけられ、日の光がどっと来て、でこちゃんに、「見つけた！」と大声で言われて、まぶしさ、それから、へんな間の悪さ、それから、胸がどきどきして、着物のまえを合せたりして、ちょっと、てれくさく、押入れから出て来て、急にむかむか腹立たしく、あの感じ、いや、ちがう、あの感じでもない、なんだか、もっとやりきれない。箱をあけると、その中に、また小さい箱があって、その小さい箱をあけると、またその中に、もっと小さい箱があって、そいつをあけると、また、また、小さい箱があって、その小さい箱をあけると、また箱があって、そうして、七つも、八つも、あけていって、とうとうおしまいに、さいころくらいの小さい箱が出て来て、そいつをそっとあけてみて、何もない、からっぽ、あの感じ、少し近い。パチッと眼がさめるなんて、あれは嘘だ。濁って濁って、そのうちに、だんだん澱粉でんぷんが下に沈み、少しずつ上澄うわずみが出来て、やっと疲れて眼がさめる。朝は、なんだか、しらじらしい。悲しいことが、たくさんたくさん胸に浮かんで、やりきれない。いやだ。いやだ。朝の私は一ばん醜みにくい。両方の脚が、くたくたに疲れて、そうして、もう、何もしたくない。熟睡していないせいかしら。朝は健康だなんて、あれは嘘。朝は灰色。いつもいつも同じ。一ばん虚無だ。朝の寝床の中で、私はいつも厭世的だ。いやになる。いろいろ醜い後悔ばっかり、いちどに、どっとかたまって胸をふさぎ、身悶みもだえしちゃう。
2021-03-15,日記78-1,7,これは78回目のテストデータである。あさ、眼をさますときの気持は、面白い。かくれんぼのとき、押入れの真っ暗い中に、じっと、しゃがんで隠れていて、突然、でこちゃんに、がらっと襖ふすまをあけられ、日の光がどっと来て、でこちゃんに、「見つけた！」と大声で言われて、まぶしさ、それから、へんな間の悪さ、それから、胸がどきどきして、着物のまえを合せたりして、ちょっと、てれくさく、押入れから出て来て、急にむかむか腹立たしく、あの感じ、いや、ちがう、あの感じでもない、なんだか、もっとやりきれない。箱をあけると、その中に、また小さい箱があって、その小さい箱をあけると、またその中に、もっと小さい箱があって、そいつをあけると、また、また、小さい箱があって、その小さい箱をあけると、また箱があって、そうして、七つも、八つも、あけていって、とうとうおしまいに、さいころくらいの小さい箱が出て来て、そいつをそっとあけてみて、何もない、からっぽ、あの感じ、少し近い。パチッと眼がさめるなんて、あれは嘘だ。濁って濁って、そのうちに、だんだん澱粉でんぷんが下に沈み、少しずつ上澄うわずみが出来て、やっと疲れて眼がさめる。朝は、なんだか、しらじらしい。悲しいことが、たくさんたくさん胸に浮かんで、やりきれない。いやだ。いやだ。朝の私は一ばん醜みにくい。両方の脚が、くたくたに疲れて、そうして、もう、何もしたくない。熟睡していないせいかしら。朝は健康だなんて、あれは嘘。朝は灰色。いつもいつも同じ。一ばん虚無だ。朝の寝床の中で、私はいつも厭世的だ。いやになる。いろいろ醜い後悔ばっかり、いちどに、どっとかたまって胸をふさぎ、身悶みもだえしちゃう。
2021-03-14,日記79-1,7,これは79回目のテストデータである。あさ、眼をさますときの気持は、面白い。かくれんぼのとき、押入れの真っ暗い中に、じっと、しゃがんで隠れていて、突然、でこちゃんに、がらっと襖ふすまをあけられ、日の光がどっと来て、でこちゃんに、「見つけた！」と大声で言われて、まぶしさ、それから、へんな間の悪さ、それから、胸がどきどきして、着物のまえを合せたりして、ちょっと、てれくさく、押入れから出て来て、急にむかむか腹立たしく、あの感じ、いや、ちがう、あの感じでもない、なんだか、もっとやりきれない。箱をあけると、その中に、また小さい箱があって、その小さい箱をあけると、またその中に、もっと小さい箱があって、そいつをあけると、また、また、小さい箱があって、その小さい箱をあけると、また箱があって、そうして、七つも、八つも、あけていって、とうとうおしまいに、さいころくらいの小さい箱が出て来て、そいつをそっとあけてみて、何もない、からっぽ、あの感じ、少し近い。パチッと眼がさめるなんて、あれは嘘だ。濁って濁って、そのうちに、だんだん澱粉でんぷんが下に沈み、少しずつ上澄うわずみが出来て、やっと疲れて眼がさめる。朝は、なんだか、しらじらしい。悲しいことが、たくさんたくさん胸に浮かんで、やりきれない。いやだ。いやだ。朝の私は一ばん醜みにくい。両方の脚が、くたくたに疲れて、そうして、もう、何もしたくない。熟睡していないせいかしら。朝は健康だなんて、あれは嘘。朝は灰色。いつもいつも同じ。一ばん虚無だ。朝の寝床の中で、私はいつも厭世的だ。いやになる。いろいろ醜い後悔ばっかり、いちどに、どっとかたまって胸をふさぎ、身悶みもだえしちゃう。
2021-03-13,日記80-1,7,これは80回目のテストデータである。あさ、眼をさますときの気持は、面白い。かくれんぼのとき、押入れの真っ暗い中に、じっと、しゃがんで隠れていて、突然、でこちゃんに、がらっと襖ふすまをあけられ、日の光がどっと来て、でこちゃんに、「見つけた！」と大声で言われて、まぶしさ、それから、へんな間の悪さ、それから、胸がどきどきして、着物のまえを合せたりして、ちょっと、てれくさく、押入れから出て来て、急にむかむか腹立たしく、あの感じ、いや、ちがう、あの感じでもない、なんだか、もっとやりきれない。箱をあけると、その中に、また小さい箱があって、その小さい箱をあけると、またその中に、もっと小さい箱があって、そいつをあけると、また、また、小さい箱があって、その小さい箱をあけると、また箱があって、そうして、七つも、八つも、あけていって、とうとうおしまいに、さいころくらいの小さい箱が出て来て、そいつをそっとあけてみて、何もない、からっぽ、あの感じ、少し近い。パチッと眼がさめるなんて、あれは嘘だ。濁って濁って、そのうちに、だんだん澱粉でんぷんが下に沈み、少しずつ上澄うわずみが出来て、やっと疲れて眼がさめる。朝は、なんだか、しらじらしい。悲しいことが、たくさんたくさん胸に浮かんで、やりきれない。いやだ。いやだ。朝の私は一ばん醜みにくい。両方の脚が、くたくたに疲れて、そうして、もう、何もしたくない。熟睡していないせいかしら。朝は健康だなんて、あれは嘘。朝は灰色。いつもいつも同じ。一ばん虚無だ。朝の寝床の中で、私はいつも厭世的だ。いやになる。いろいろ醜い後悔ばっかり、いちどに、どっとかたまって胸をふさぎ、身悶みもだえしちゃう。
2021-03-12,日記81-1,7,これは81回目のテストデータである。あさ、眼をさますときの気持は、面白い。かくれんぼのとき、押入れの真っ暗い中に、じっと、しゃがんで隠れていて、突然、でこちゃんに、がらっと襖ふすまをあけられ、日の光がどっと来て、でこちゃんに、「見つけた！」と大声で言われて、まぶしさ、それから、へんな間の悪さ、それから、胸がどきどきして、着物のまえを合せたりして、ちょっと、てれくさく、押入れから出て来て、急にむかむか腹立たしく、あの感じ、いや、ちがう、あの感じでもない、なんだか、もっとやりきれない。箱をあけると、その中に、また小さい箱があって、その小さい箱をあけると、またその中に、もっと小さい箱があって、そいつをあけると、また、また、小さい箱があって、その小さい箱をあけると、また箱があって、そうして、七つも、八つも、あけていって、とうとうおしまいに、さいころくらいの小さい箱が出て来て、そいつをそっとあけてみて、何もない、からっぽ、あの感じ、少し近い。パチッと眼がさめるなんて、あれは嘘だ。濁って濁って、そのうちに、だんだん澱粉でんぷんが下に沈み、少しずつ上澄うわずみが出来て、やっと疲れて眼がさめる。朝は、なんだか、しらじらしい。悲しいことが、たくさんたくさん胸に浮かんで、やりきれない。いやだ。いやだ。朝の私は一ばん醜みにくい。両方の脚が、くたくたに疲れて、そうして、もう、何もしたくない。熟睡していないせいかしら。朝は健康だなんて、あれは嘘。朝は灰色。いつもいつも同じ。一ばん虚無だ。朝の寝床の中で、私はいつも厭世的だ。いやになる。いろいろ醜い後悔ばっかり、いちどに、どっとかたまって胸をふさぎ、身悶みもだえしちゃう。
2021-03-11,日記82-1,7,これは82回目のテストデータである。あさ、眼をさますときの気持は、面白い。かくれんぼのとき、押入れの真っ暗い中に、じっと、しゃがんで隠れていて、突然、でこちゃんに、がらっと襖ふすまをあけられ、日の光がどっと来て、でこちゃんに、「見つけた！」と大声で言われて、まぶしさ、それから、へんな間の悪さ、それから、胸がどきどきして、着物のまえを合せたりして、ちょっと、てれくさく、押入れから出て来て、急にむかむか腹立たしく、あの感じ、いや、ちがう、あの感じでもない、なんだか、もっとやりきれない。箱をあけると、その中に、また小さい箱があって、その小さい箱をあけると、またその中に、もっと小さい箱があって、そいつをあけると、また、また、小さい箱があって、その小さい箱をあけると、また箱があって、そうして、七つも、八つも、あけていって、とうとうおしまいに、さいころくらいの小さい箱が出て来て、そいつをそっとあけてみて、何もない、からっぽ、あの感じ、少し近い。パチッと眼がさめるなんて、あれは嘘だ。濁って濁って、そのうちに、だんだん澱粉でんぷんが下に沈み、少しずつ上澄うわずみが出来て、やっと疲れて眼がさめる。朝は、なんだか、しらじらしい。悲しいことが、たくさんたくさん胸に浮かんで、やりきれない。いやだ。いやだ。朝の私は一ばん醜みにくい。両方の脚が、くたくたに疲れて、そうして、もう、何もしたくない。熟睡していないせいかしら。朝は健康だなんて、あれは嘘。朝は灰色。いつもいつも同じ。一ばん虚無だ。朝の寝床の中で、私はいつも厭世的だ。いやになる。いろいろ醜い後悔ばっかり、いちどに、どっとかたまって胸をふさぎ、身悶みもだえしちゃう。
2021-03-10,日記83-1,7,これは83回目のテストデータである。あさ、眼をさますときの気持は、面白い。かくれんぼのとき、押入れの真っ暗い中に、じっと、しゃがんで隠れていて、突然、でこちゃんに、がらっと襖ふすまをあけられ、日の光がどっと来て、でこちゃんに、「見つけた！」と大声で言われて、まぶしさ、それから、へんな間の悪さ、それから、胸がどきどきして、着物のまえを合せたりして、ちょっと、てれくさく、押入れから出て来て、急にむかむか腹立たしく、あの感じ、いや、ちがう、あの感じでもない、なんだか、もっとやりきれない。箱をあけると、その中に、また小さい箱があって、その小さい箱をあけると、またその中に、もっと小さい箱があって、そいつをあけると、また、また、小さい箱があって、その小さい箱をあけると、また箱があって、そうして、七つも、八つも、あけていって、とうとうおしまいに、さいころくらいの小さい箱が出て来て、そいつをそっとあけてみて、何もない、からっぽ、あの感じ、少し近い。パチッと眼がさめるなんて、あれは嘘だ。濁って濁って、そのうちに、だんだん澱粉でんぷんが下に沈み、少しずつ上澄うわずみが出来て、やっと疲れて眼がさめる。朝は、なんだか、しらじらしい。悲しいことが、たくさんたくさん胸に浮かんで、やりきれない。いやだ。いやだ。朝の私は一ばん醜みにくい。両方の脚が、くたくたに疲れて、そうして、もう、何もしたくない。熟睡していないせいかしら。朝は健康だなんて、あれは嘘。朝は灰色。いつもいつも同じ。一ばん虚無だ。朝の寝床の中で、私はいつも厭世的だ。いやになる。いろいろ醜い後悔ばっかり、いちどに、どっとかたまって胸をふさぎ、身悶みもだえしちゃう。
2021-03-09,日記84-1,7,これは84回目のテストデータである。あさ、眼をさますときの気持は、面白い。かくれんぼのとき、押入れの真っ暗い中に、じっと、しゃがんで隠れていて、突然、でこちゃんに、がらっと襖ふすまをあけられ、日の光がどっと来て、でこちゃんに、「見つけた！」と大声で言われて、まぶしさ、それから、へんな間の悪さ、それから、胸がどきどきして、着物のまえを合せたりして、ちょっと、てれくさく、押入れから出て来て、急にむかむか腹立たしく、あの感じ、いや、ちがう、あの感じでもない、なんだか、もっとやりきれない。箱をあけると、その中に、また小さい箱があって、その小さい箱をあけると、またその中に、もっと小さい箱があって、そいつをあけると、また、また、小さい箱があって、その小さい箱をあけると、また箱があって、そうして、七つも、八つも、あけていって、とうとうおしまいに、さいころくらいの小さい箱が出て来て、そいつをそっとあけてみて、何もない、からっぽ、あの感じ、少し近い。パチッと眼がさめるなんて、あれは嘘だ。濁って濁って、そのうちに、だんだん澱粉でんぷんが下に沈み、少しずつ上澄うわずみが出来て、やっと疲れて眼がさめる。朝は、なんだか、しらじらしい。悲しいことが、たくさんたくさん胸に浮かんで、やりきれない。いやだ。いやだ。朝の私は一ばん醜みにくい。両方の脚が、くたくたに疲れて、そうして、もう、何もしたくない。熟睡していないせいかしら。朝は健康だなんて、あれは嘘。朝は灰色。いつもいつも同じ。一ばん虚無だ。朝の寝床の中で、私はいつも厭世的だ。いやになる。いろいろ醜い後悔ばっかり、いちどに、どっとかたまって胸をふさぎ、身悶みもだえしちゃう。
2021-03-08,日記85-1,7,これは85回目のテストデータである。あさ、眼をさますときの気持は、面白い。かくれんぼのとき、押入れの真っ暗い中に、じっと、しゃがんで隠れていて、突然、でこちゃんに、がらっと襖ふすまをあけられ、日の光がどっと来て、でこちゃんに、「見つけた！」と大声で言われて、まぶしさ、それから、へんな間の悪さ、それから、胸がどきどきして、着物のまえを合せたりして、ちょっと、てれくさく、押入れから出て来て、急にむかむか腹立たしく、あの感じ、いや、ちがう、あの感じでもない、なんだか、もっとやりきれない。箱をあけると、その中に、また小さい箱があって、その小さい箱をあけると、またその中に、もっと小さい箱があって、そいつをあけると、また、また、小さい箱があって、その小さい箱をあけると、また箱があって、そうして、七つも、八つも、あけていって、とうとうおしまいに、さいころくらいの小さい箱が出て来て、そいつをそっとあけてみて、何もない、からっぽ、あの感じ、少し近い。パチッと眼がさめるなんて、あれは嘘だ。濁って濁って、そのうちに、だんだん澱粉でんぷんが下に沈み、少しずつ上澄うわずみが出来て、やっと疲れて眼がさめる。朝は、なんだか、しらじらしい。悲しいことが、たくさんたくさん胸に浮かんで、やりきれない。いやだ。いやだ。朝の私は一ばん醜みにくい。両方の脚が、くたくたに疲れて、そうして、もう、何もしたくない。熟睡していないせいかしら。朝は健康だなんて、あれは嘘。朝は灰色。いつもいつも同じ。一ばん虚無だ。朝の寝床の中で、私はいつも厭世的だ。いやになる。いろいろ醜い後悔ばっかり、いちどに、どっとかたまって胸をふさぎ、身悶みもだえしちゃう。
2021-03-07,日記86-1,7,これは86回目のテストデータである。あさ、眼をさますときの気持は、面白い。かくれんぼのとき、押入れの真っ暗い中に、じっと、しゃがんで隠れていて、突然、でこちゃんに、がらっと襖ふすまをあけられ、日の光がどっと来て、でこちゃんに、「見つけた！」と大声で言われて、まぶしさ、それから、へんな間の悪さ、それから、胸がどきどきして、着物のまえを合せたりして、ちょっと、てれくさく、押入れから出て来て、急にむかむか腹立たしく、あの感じ、いや、ちがう、あの感じでもない、なんだか、もっとやりきれない。箱をあけると、その中に、また小さい箱があって、その小さい箱をあけると、またその中に、もっと小さい箱があって、そいつをあけると、また、また、小さい箱があって、その小さい箱をあけると、また箱があって、そうして、七つも、八つも、あけていって、とうとうおしまいに、さいころくらいの小さい箱が出て来て、そいつをそっとあけてみて、何もない、からっぽ、あの感じ、少し近い。パチッと眼がさめるなんて、あれは嘘だ。濁って濁って、そのうちに、だんだん澱粉でんぷんが下に沈み、少しずつ上澄うわずみが出来て、やっと疲れて眼がさめる。朝は、なんだか、しらじらしい。悲しいことが、たくさんたくさん胸に浮かんで、やりきれない。いやだ。いやだ。朝の私は一ばん醜みにくい。両方の脚が、くたくたに疲れて、そうして、もう、何もしたくない。熟睡していないせいかしら。朝は健康だなんて、あれは嘘。朝は灰色。いつもいつも同じ。一ばん虚無だ。朝の寝床の中で、私はいつも厭世的だ。いやになる。いろいろ醜い後悔ばっかり、いちどに、どっとかたまって胸をふさぎ、身悶みもだえしちゃう。
2021-03-06,日記87-1,7,これは87回目のテストデータである。あさ、眼をさますときの気持は、面白い。かくれんぼのとき、押入れの真っ暗い中に、じっと、しゃがんで隠れていて、突然、でこちゃんに、がらっと襖ふすまをあけられ、日の光がどっと来て、でこちゃんに、「見つけた！」と大声で言われて、まぶしさ、それから、へんな間の悪さ、それから、胸がどきどきして、着物のまえを合せたりして、ちょっと、てれくさく、押入れから出て来て、急にむかむか腹立たしく、あの感じ、いや、ちがう、あの感じでもない、なんだか、もっとやりきれない。箱をあけると、その中に、また小さい箱があって、その小さい箱をあけると、またその中に、もっと小さい箱があって、そいつをあけると、また、また、小さい箱があって、その小さい箱をあけると、また箱があって、そうして、七つも、八つも、あけていって、とうとうおしまいに、さいころくらいの小さい箱が出て来て、そいつをそっとあけてみて、何もない、からっぽ、あの感じ、少し近い。パチッと眼がさめるなんて、あれは嘘だ。濁って濁って、そのうちに、だんだん澱粉でんぷんが下に沈み、少しずつ上澄うわずみが出来て、やっと疲れて眼がさめる。朝は、なんだか、しらじらしい。悲しいことが、たくさんたくさん胸に浮かんで、やりきれない。いやだ。いやだ。朝の私は一ばん醜みにくい。両方の脚が、くたくたに疲れて、そうして、もう、何もしたくない。熟睡していないせいかしら。朝は健康だなんて、あれは嘘。朝は灰色。いつもいつも同じ。一ばん虚無だ。朝の寝床の中で、私はいつも厭世的だ。いやになる。いろいろ醜い後悔ばっかり、いちどに、どっとかたまって胸をふさぎ、身悶みもだえしちゃう。
2021-03-05,日記88-1,7,これは88回目のテストデータである。あさ、眼をさますときの気持は、面白い。かくれんぼのとき、押入れの真っ暗い中に、じっと、しゃがんで隠れていて、突然、でこちゃんに、がらっと襖ふすまをあけられ、日の光がどっと来て、でこちゃんに、「見つけた！」と大声で言われて、まぶしさ、それから、へんな間の悪さ、それから、胸がどきどきして、着物のまえを合せたりして、ちょっと、てれくさく、押入れから出て来て、急にむかむか腹立たしく、あの感じ、いや、ちがう、あの感じでもない、なんだか、もっとやりきれない。箱をあけると、その中に、また小さい箱があって、その小さい箱をあけると、またその中に、もっと小さい箱があって、そいつをあけると、また、また、小さい箱があって、その小さい箱をあけると、また箱があって、そうして、七つも、八つも、あけていって、とうとうおしまいに、さいころくらいの小さい箱が出て来て、そいつをそっとあけてみて、何もない、からっぽ、あの感じ、少し近い。パチッと眼がさめるなんて、あれは嘘だ。濁って濁って、そのうちに、だんだん澱粉でんぷんが下に沈み、少しずつ上澄うわずみが出来て、やっと疲れて眼がさめる。朝は、なんだか、しらじらしい。悲しいことが、たくさんたくさん胸に浮かんで、やりきれない。いやだ。いやだ。朝の私は一ばん醜みにくい。両方の脚が、くたくたに疲れて、そうして、もう、何もしたくない。熟睡していないせいかしら。朝は健康だなんて、あれは嘘。朝は灰色。いつもいつも同じ。一ばん虚無だ。朝の寝床の中で、私はいつも厭世的だ。いやになる。いろいろ醜い後悔ばっかり、いちどに、どっとかたまって胸をふさぎ、身悶みもだえしちゃう。
2021-03-04,日記89-1,7,これは89回目のテストデータである。あさ、眼をさますときの気持は、面白い。かくれんぼのとき、押入れの真っ暗い中に、じっと、しゃがんで隠れていて、突然、でこちゃんに、がらっと襖ふすまをあけられ、日の光がどっと来て、でこちゃんに、「見つけた！」と大声で言われて、まぶしさ、それから、へんな間の悪さ、それから、胸がどきどきして、着物のまえを合せたりして、ちょっと、てれくさく、押入れから出て来て、急にむかむか腹立たしく、あの感じ、いや、ちがう、あの感じでもない、なんだか、もっとやりきれない。箱をあけると、その中に、また小さい箱があって、その小さい箱をあけると、またその中に、もっと小さい箱があって、そいつをあけると、また、また、小さい箱があって、その小さい箱をあけると、また箱があって、そうして、七つも、八つも、あけていって、とうとうおしまいに、さいころくらいの小さい箱が出て来て、そいつをそっとあけてみて、何もない、からっぽ、あの感じ、少し近い。パチッと眼がさめるなんて、あれは嘘だ。濁って濁って、そのうちに、だんだん澱粉でんぷんが下に沈み、少しずつ上澄うわずみが出来て、やっと疲れて眼がさめる。朝は、なんだか、しらじらしい。悲しいことが、たくさんたくさん胸に浮かんで、やりきれない。いやだ。いやだ。朝の私は一ばん醜みにくい。両方の脚が、くたくたに疲れて、そうして、もう、何もしたくない。熟睡していないせいかしら。朝は健康だなんて、あれは嘘。朝は灰色。いつもいつも同じ。一ばん虚無だ。朝の寝床の中で、私はいつも厭世的だ。いやになる。いろいろ醜い後悔ばっかり、いちどに、どっとかたまって胸をふさぎ、身悶みもだえしちゃう。
2021-03-03,日記90-1,7,これは90回目のテストデータである。あさ、眼をさますときの気持は、面白い。かくれんぼのとき、押入れの真っ暗い中に、じっと、しゃがんで隠れていて、突然、でこちゃんに、がらっと襖ふすまをあけられ、日の光がどっと来て、でこちゃんに、「見つけた！」と大声で言われて、まぶしさ、それから、へんな間の悪さ、それから、胸がどきどきして、着物のまえを合せたりして、ちょっと、てれくさく、押入れから出て来て、急にむかむか腹立たしく、あの感じ、いや、ちがう、あの感じでもない、なんだか、もっとやりきれない。箱をあけると、その中に、また小さい箱があって、その小さい箱をあけると、またその中に、もっと小さい箱があって、そいつをあけると、また、また、小さい箱があって、その小さい箱をあけると、また箱があって、そうして、七つも、八つも、あけていって、とうとうおしまいに、さいころくらいの小さい箱が出て来て、そいつをそっとあけてみて、何もない、からっぽ、あの感じ、少し近い。パチッと眼がさめるなんて、あれは嘘だ。濁って濁って、そのうちに、だんだん澱粉でんぷんが下に沈み、少しずつ上澄うわずみが出来て、やっと疲れて眼がさめる。朝は、なんだか、しらじらしい。悲しいことが、たくさんたくさん胸に浮かんで、やりきれない。いやだ。いやだ。朝の私は一ばん醜みにくい。両方の脚が、くたくたに疲れて、そうして、もう、何もしたくない。熟睡していないせいかしら。朝は健康だなんて、あれは嘘。朝は灰色。いつもいつも同じ。一ばん虚無だ。朝の寝床の中で、私はいつも厭世的だ。いやになる。いろいろ醜い後悔ばっかり、いちどに、どっとかたまって胸をふさぎ、身悶みもだえしちゃう。
2021-03-02,日記91-1,7,これは91回目のテストデータである。あさ、眼をさますときの気持は、面白い。かくれんぼのとき、押入れの真っ暗い中に、じっと、しゃがんで隠れていて、突然、でこちゃんに、がらっと襖ふすまをあけられ、日の光がどっと来て、でこちゃんに、「見つけた！」と大声で言われて、まぶしさ、それから、へんな間の悪さ、それから、胸がどきどきして、着物のまえを合せたりして、ちょっと、てれくさく、押入れから出て来て、急にむかむか腹立たしく、あの感じ、いや、ちがう、あの感じでもない、なんだか、もっとやりきれない。箱をあけると、その中に、また小さい箱があって、その小さい箱をあけると、またその中に、もっと小さい箱があって、そいつをあけると、また、また、小さい箱があって、その小さい箱をあけると、また箱があって、そうして、七つも、八つも、あけていって、とうとうおしまいに、さいころくらいの小さい箱が出て来て、そいつをそっとあけてみて、何もない、からっぽ、あの感じ、少し近い。パチッと眼がさめるなんて、あれは嘘だ。濁って濁って、そのうちに、だんだん澱粉でんぷんが下に沈み、少しずつ上澄うわずみが出来て、やっと疲れて眼がさめる。朝は、なんだか、しらじらしい。悲しいことが、たくさんたくさん胸に浮かんで、やりきれない。いやだ。いやだ。朝の私は一ばん醜みにくい。両方の脚が、くたくたに疲れて、そうして、もう、何もしたくない。熟睡していないせいかしら。朝は健康だなんて、あれは嘘。朝は灰色。いつもいつも同じ。一ばん虚無だ。朝の寝床の中で、私はいつも厭世的だ。いやになる。いろいろ醜い後悔ばっかり、いちどに、どっとかたまって胸をふさぎ、身悶みもだえしちゃう。
2021-03-01,日記92-1,7,これは92回目のテストデータである。あさ、眼をさますときの気持は、面白い。かくれんぼのとき、押入れの真っ暗い中に、じっと、しゃがんで隠れていて、突然、でこちゃんに、がらっと襖ふすまをあけられ、日の光がどっと来て、でこちゃんに、「見つけた！」と大声で言われて、まぶしさ、それから、へんな間の悪さ、それから、胸がどきどきして、着物のまえを合せたりして、ちょっと、てれくさく、押入れから出て来て、急にむかむか腹立たしく、あの感じ、いや、ちがう、あの感じでもない、なんだか、もっとやりきれない。箱をあけると、その中に、また小さい箱があって、その小さい箱をあけると、またその中に、もっと小さい箱があって、そいつをあけると、また、また、小さい箱があって、その小さい箱をあけると、また箱があって、そうして、七つも、八つも、あけていって、とうとうおしまいに、さいころくらいの小さい箱が出て来て、そいつをそっとあけてみて、何もない、からっぽ、あの感じ、少し近い。パチッと眼がさめるなんて、あれは嘘だ。濁って濁って、そのうちに、だんだん澱粉でんぷんが下に沈み、少しずつ上澄うわずみが出来て、やっと疲れて眼がさめる。朝は、なんだか、しらじらしい。悲しいことが、たくさんたくさん胸に浮かんで、やりきれない。いやだ。いやだ。朝の私は一ばん醜みにくい。両方の脚が、くたくたに疲れて、そうして、もう、何もしたくない。熟睡していないせいかしら。朝は健康だなんて、あれは嘘。朝は灰色。いつもいつも同じ。一ばん虚無だ。朝の寝床の中で、私はいつも厭世的だ。いやになる。いろいろ醜い後悔ばっかり、いちどに、どっとかたまって胸をふさぎ、身悶みもだえしちゃう。
2021-02-28,日記93-1,7,これは93回目のテストデータである。あさ、眼をさますときの気持は、面白い。かくれんぼのとき、押入れの真っ暗い中に、じっと、しゃがんで隠れていて、突然、でこちゃんに、がらっと襖ふすまをあけられ、日の光がどっと来て、でこちゃんに、「見つけた！」と大声で言われて、まぶしさ、それから、へんな間の悪さ、それから、胸がどきどきして、着物のまえを合せたりして、ちょっと、てれくさく、押入れから出て来て、急にむかむか腹立たしく、あの感じ、いや、ちがう、あの感じでもない、なんだか、もっとやりきれない。箱をあけると、その中に、また小さい箱があって、その小さい箱をあけると、またその中に、もっと小さい箱があって、そいつをあけると、また、また、小さい箱があって、その小さい箱をあけると、また箱があって、そうして、七つも、八つも、あけていって、とうとうおしまいに、さいころくらいの小さい箱が出て来て、そいつをそっとあけてみて、何もない、からっぽ、あの感じ、少し近い。パチッと眼がさめるなんて、あれは嘘だ。濁って濁って、そのうちに、だんだん澱粉でんぷんが下に沈み、少しずつ上澄うわずみが出来て、やっと疲れて眼がさめる。朝は、なんだか、しらじらしい。悲しいことが、たくさんたくさん胸に浮かんで、やりきれない。いやだ。いやだ。朝の私は一ばん醜みにくい。両方の脚が、くたくたに疲れて、そうして、もう、何もしたくない。熟睡していないせいかしら。朝は健康だなんて、あれは嘘。朝は灰色。いつもいつも同じ。一ばん虚無だ。朝の寝床の中で、私はいつも厭世的だ。いやになる。いろいろ醜い後悔ばっかり、いちどに、どっとかたまって胸をふさぎ、身悶みもだえしちゃう。
2021-02-27,日記94-1,7,これは94回目のテストデータである。あさ、眼をさますときの気持は、面白い。かくれんぼのとき、押入れの真っ暗い中に、じっと、しゃがんで隠れていて、突然、でこちゃんに、がらっと襖ふすまをあけられ、日の光がどっと来て、でこちゃんに、「見つけた！」と大声で言われて、まぶしさ、それから、へんな間の悪さ、それから、胸がどきどきして、着物のまえを合せたりして、ちょっと、てれくさく、押入れから出て来て、急にむかむか腹立たしく、あの感じ、いや、ちがう、あの感じでもない、なんだか、もっとやりきれない。箱をあけると、その中に、また小さい箱があって、その小さい箱をあけると、またその中に、もっと小さい箱があって、そいつをあけると、また、また、小さい箱があって、その小さい箱をあけると、また箱があって、そうして、七つも、八つも、あけていって、とうとうおしまいに、さいころくらいの小さい箱が出て来て、そいつをそっとあけてみて、何もない、からっぽ、あの感じ、少し近い。パチッと眼がさめるなんて、あれは嘘だ。濁って濁って、そのうちに、だんだん澱粉でんぷんが下に沈み、少しずつ上澄うわずみが出来て、やっと疲れて眼がさめる。朝は、なんだか、しらじらしい。悲しいことが、たくさんたくさん胸に浮かんで、やりきれない。いやだ。いやだ。朝の私は一ばん醜みにくい。両方の脚が、くたくたに疲れて、そうして、もう、何もしたくない。熟睡していないせいかしら。朝は健康だなんて、あれは嘘。朝は灰色。いつもいつも同じ。一ばん虚無だ。朝の寝床の中で、私はいつも厭世的だ。いやになる。いろいろ醜い後悔ばっかり、いちどに、どっとかたまって胸をふさぎ、身悶みもだえしちゃう。
2021-02-26,日記95-1,7,これは95回目のテストデータである。あさ、眼をさますときの気持は、面白い。かくれんぼのとき、押入れの真っ暗い中に、じっと、しゃがんで隠れていて、突然、でこちゃんに、がらっと襖ふすまをあけられ、日の光がどっと来て、でこちゃんに、「見つけた！」と大声で言われて、まぶしさ、それから、へんな間の悪さ、それから、胸がどきどきして、着物のまえを合せたりして、ちょっと、てれくさく、押入れから出て来て、急にむかむか腹立たしく、あの感じ、いや、ちがう、あの感じでもない、なんだか、もっとやりきれない。箱をあけると、その中に、また小さい箱があって、その小さい箱をあけると、またその中に、もっと小さい箱があって、そいつをあけると、また、また、小さい箱があって、その小さい箱をあけると、また箱があって、そうして、七つも、八つも、あけていって、とうとうおしまいに、さいころくらいの小さい箱が出て来て、そいつをそっとあけてみて、何もない、からっぽ、あの感じ、少し近い。パチッと眼がさめるなんて、あれは嘘だ。濁って濁って、そのうちに、だんだん澱粉でんぷんが下に沈み、少しずつ上澄うわずみが出来て、やっと疲れて眼がさめる。朝は、なんだか、しらじらしい。悲しいことが、たくさんたくさん胸に浮かんで、やりきれない。いやだ。いやだ。朝の私は一ばん醜みにくい。両方の脚が、くたくたに疲れて、そうして、もう、何もしたくない。熟睡していないせいかしら。朝は健康だなんて、あれは嘘。朝は灰色。いつもいつも同じ。一ばん虚無だ。朝の寝床の中で、私はいつも厭世的だ。いやになる。いろいろ醜い後悔ばっかり、いちどに、どっとかたまって胸をふさぎ、身悶みもだえしちゃう。
2021-02-25,日記96-1,7,これは96回目のテストデータである。あさ、眼をさますときの気持は、面白い。かくれんぼのとき、押入れの真っ暗い中に、じっと、しゃがんで隠れていて、突然、でこちゃんに、がらっと襖ふすまをあけられ、日の光がどっと来て、でこちゃんに、「見つけた！」と大声で言われて、まぶしさ、それから、へんな間の悪さ、それから、胸がどきどきして、着物のまえを合せたりして、ちょっと、てれくさく、押入れから出て来て、急にむかむか腹立たしく、あの感じ、いや、ちがう、あの感じでもない、なんだか、もっとやりきれない。箱をあけると、その中に、また小さい箱があって、その小さい箱をあけると、またその中に、もっと小さい箱があって、そいつをあけると、また、また、小さい箱があって、その小さい箱をあけると、また箱があって、そうして、七つも、八つも、あけていって、とうとうおしまいに、さいころくらいの小さい箱が出て来て、そいつをそっとあけてみて、何もない、からっぽ、あの感じ、少し近い。パチッと眼がさめるなんて、あれは嘘だ。濁って濁って、そのうちに、だんだん澱粉でんぷんが下に沈み、少しずつ上澄うわずみが出来て、やっと疲れて眼がさめる。朝は、なんだか、しらじらしい。悲しいことが、たくさんたくさん胸に浮かんで、やりきれない。いやだ。いやだ。朝の私は一ばん醜みにくい。両方の脚が、くたくたに疲れて、そうして、もう、何もしたくない。熟睡していないせいかしら。朝は健康だなんて、あれは嘘。朝は灰色。いつもいつも同じ。一ばん虚無だ。朝の寝床の中で、私はいつも厭世的だ。いやになる。いろいろ醜い後悔ばっかり、いちどに、どっとかたまって胸をふさぎ、身悶みもだえしちゃう。
2021-02-24,日記97-1,7,これは97回目のテストデータである。あさ、眼をさますときの気持は、面白い。かくれんぼのとき、押入れの真っ暗い中に、じっと、しゃがんで隠れていて、突然、でこちゃんに、がらっと襖ふすまをあけられ、日の光がどっと来て、でこちゃんに、「見つけた！」と大声で言われて、まぶしさ、それから、へんな間の悪さ、それから、胸がどきどきして、着物のまえを合せたりして、ちょっと、てれくさく、押入れから出て来て、急にむかむか腹立たしく、あの感じ、いや、ちがう、あの感じでもない、なんだか、もっとやりきれない。箱をあけると、その中に、また小さい箱があって、その小さい箱をあけると、またその中に、もっと小さい箱があって、そいつをあけると、また、また、小さい箱があって、その小さい箱をあけると、また箱があって、そうして、七つも、八つも、あけていって、とうとうおしまいに、さいころくらいの小さい箱が出て来て、そいつをそっとあけてみて、何もない、からっぽ、あの感じ、少し近い。パチッと眼がさめるなんて、あれは嘘だ。濁って濁って、そのうちに、だんだん澱粉でんぷんが下に沈み、少しずつ上澄うわずみが出来て、やっと疲れて眼がさめる。朝は、なんだか、しらじらしい。悲しいことが、たくさんたくさん胸に浮かんで、やりきれない。いやだ。いやだ。朝の私は一ばん醜みにくい。両方の脚が、くたくたに疲れて、そうして、もう、何もしたくない。熟睡していないせいかしら。朝は健康だなんて、あれは嘘。朝は灰色。いつもいつも同じ。一ばん虚無だ。朝の寝床の中で、私はいつも厭世的だ。いやになる。いろいろ醜い後悔ばっかり、いちどに、どっとかたまって胸をふさぎ、身悶みもだえしちゃう。
2021-02-23,日記98-1,7,これは98回目のテストデータである。あさ、眼をさますときの気持は、面白い。かくれんぼのとき、押入れの真っ暗い中に、じっと、しゃがんで隠れていて、突然、でこちゃんに、がらっと襖ふすまをあけられ、日の光がどっと来て、でこちゃんに、「見つけた！」と大声で言われて、まぶしさ、それから、へんな間の悪さ、それから、胸がどきどきして、着物のまえを合せたりして、ちょっと、てれくさく、押入れから出て来て、急にむかむか腹立たしく、あの感じ、いや、ちがう、あの感じでもない、なんだか、もっとやりきれない。箱をあけると、その中に、また小さい箱があって、その小さい箱をあけると、またその中に、もっと小さい箱があって、そいつをあけると、また、また、小さい箱があって、その小さい箱をあけると、また箱があって、そうして、七つも、八つも、あけていって、とうとうおしまいに、さいころくらいの小さい箱が出て来て、そいつをそっとあけてみて、何もない、からっぽ、あの感じ、少し近い。パチッと眼がさめるなんて、あれは嘘だ。濁って濁って、そのうちに、だんだん澱粉でんぷんが下に沈み、少しずつ上澄うわずみが出来て、やっと疲れて眼がさめる。朝は、なんだか、しらじらしい。悲しいことが、たくさんたくさん胸に浮かんで、やりきれない。いやだ。いやだ。朝の私は一ばん醜みにくい。両方の脚が、くたくたに疲れて、そうして、もう、何もしたくない。熟睡していないせいかしら。朝は健康だなんて、あれは嘘。朝は灰色。いつもいつも同じ。一ばん虚無だ。朝の寝床の中で、私はいつも厭世的だ。いやになる。いろいろ醜い後悔ばっかり、いちどに、どっとかたまって胸をふさぎ、身悶みもだえしちゃう。
2021-02-22,日記99-1,7,これは99回目のテストデータである。あさ、眼をさますときの気持は、面白い。かくれんぼのとき、押入れの真っ暗い中に、じっと、しゃがんで隠れていて、突然、でこちゃんに、がらっと襖ふすまをあけられ、日の光がどっと来て、でこちゃんに、「見つけた！」と大声で言われて、まぶしさ、それから、へんな間の悪さ、それから、胸がどきどきして、着物のまえを合せたりして、ちょっと、てれくさく、押入れから出て来て、急にむかむか腹立たしく、あの感じ、いや、ちがう、あの感じでもない、なんだか、もっとやりきれない。箱をあけると、その中に、また小さい箱があって、その小さい箱をあけると、またその中に、もっと小さい箱があって、そいつをあけると、また、また、小さい箱があって、その小さい箱をあけると、また箱があって、そうして、七つも、八つも、あけていって、とうとうおしまいに、さいころくらいの小さい箱が出て来て、そいつをそっとあけてみて、何もない、からっぽ、あの感じ、少し近い。パチッと眼がさめるなんて、あれは嘘だ。濁って濁って、そのうちに、だんだん澱粉でんぷんが下に沈み、少しずつ上澄うわずみが出来て、やっと疲れて眼がさめる。朝は、なんだか、しらじらしい。悲しいことが、たくさんたくさん胸に浮かんで、やりきれない。いやだ。いやだ。朝の私は一ばん醜みにくい。両方の脚が、くたくたに疲れて、そうして、もう、何もしたくない。熟睡していないせいかしら。朝は健康だなんて、あれは嘘。朝は灰色。いつもいつも同じ。一ばん虚無だ。朝の寝床の中で、私はいつも厭世的だ。いやになる。いろいろ醜い後悔ばっかり、いちどに、どっとかたまって胸をふさぎ、身悶みもだえしちゃう。
2021-02-21,日記100-1,7,これは100回目のテストデータである。あさ、眼をさますときの気持は、面白い。かくれんぼのとき、押入れの真っ暗い中に、じっと、しゃがんで隠れていて、突然、でこちゃんに、がらっと襖ふすまをあけられ、日の光がどっと来て、でこちゃんに、「見つけた！」と大声で言われて、まぶしさ、それから、へんな間の悪さ、それから、胸がどきどきして、着物のまえを合せたりして、ちょっと、てれくさく、押入れから出て来て、急にむかむか腹立たしく、あの感じ、いや、ちがう、あの感じでもない、なんだか、もっとやりきれない。箱をあけると、その中に、また小さい箱があって、その小さい箱をあけると、またその中に、もっと小さい箱があって、そいつをあけると、また、また、小さい箱があって、その小さい箱をあけると、また箱があって、そうして、七つも、八つも、あけていって、とうとうおしまいに、さいころくらいの小さい箱が出て来て、そいつをそっとあけてみて、何もない、からっぽ、あの感じ、少し近い。パチッと眼がさめるなんて、あれは嘘だ。濁って濁って、そのうちに、だんだん澱粉でんぷんが下に沈み、少しずつ上澄うわずみが出来て、やっと疲れて眼がさめる。朝は、なんだか、しらじらしい。悲しいことが、たくさんたくさん胸に浮かんで、やりきれない。いやだ。いやだ。朝の私は一ばん醜みにくい。両方の脚が、くたくたに疲れて、そうして、もう、何もしたくない。熟睡していないせいかしら。朝は健康だなんて、あれは嘘。朝は灰色。いつもいつも同じ。一ばん虚無だ。朝の寝床の中で、私はいつも厭世的だ。いやになる。いろいろ醜い後悔ばっかり、いちどに、どっとかたまって胸をふさぎ、身悶みもだえしちゃう。
